Title,Year,Rated,Released,Runtime,Genre,Director,Writer,Actors,Plot,Language,Country,Awards,Poster,Ratings,Metascore,imdbRating,imdbVotes,imdbID,Type,DVD,BoxOffice,Production,Website,Response,Error,totalSeasons
In the Mood for Love,2000,PG,09 Mar 2001,98 min,"Drama, Romance",Kar-Wai Wong,Kar-Wai Wong,"Tony Leung Chiu-wai, Maggie Cheung, Siu Ping-Lam","Two neighbors form a strong bond after both suspect extramarital activities of their spouses. However, they agree to keep their bond platonic so as not to commit similar wrongs.","Cantonese, Shanghainese, French, Spanish","Hong Kong, France",Nominated for 1 BAFTA Award44 wins & 50 nominations total,https://m.media-amazon.com/images/M/MV5BYWVjNjMwZTgtMGYyYy00NmVhLWE1NDItMzFhMmJkYTNjYWIwXkEyXkFqcGdeQXVyNjU0OTQ0OTY@._V1_SX300.jpg,"[{'Source': 'Internet Movie Database', 'Value': '8.1/10'}, {'Source': 'Rotten Tomatoes', 'Value': '92%'}, {'Source': 'Metacritic', 'Value': '87/100'}]",87,8.1,"164,987",tt0118694,movie,15 Oct 2020,"$2,738,980",N/A,N/A,True,,
Mulholland Drive,2001,R,19 Oct 2001,147 min,"Drama, Mystery, Thriller",David Lynch,David Lynch,"Naomi Watts, Laura Harring, Justin Theroux","After a car wreck on the winding Mulholland Drive renders a woman amnesiac, she and a perky Hollywood-hopeful search for clues and answers across Los Angeles in a twisting venture beyond dreams and reality.","English, Spanish, French","France, United States",Nominated for 1 Oscar. 49 wins & 61 nominations total,https://m.media-amazon.com/images/M/MV5BYTRiMzg4NDItNTc3Zi00NjBjLTgwOWYtOGZjMTFmNGU4ODY4XkEyXkFqcGdeQXVyMjUzOTY1NTc@._V1_SX300.jpg,"[{'Source': 'Internet Movie Database', 'Value': '7.9/10'}, {'Source': 'Rotten Tomatoes', 'Value': '84%'}, {'Source': 'Metacritic', 'Value': '86/100'}]",86,7.9,"380,460",tt0166924,movie,18 Oct 2016,"$7,220,243",N/A,N/A,True,,
There Will Be Blood,2007,R,25 Jan 2008,158 min,Drama,Paul Thomas Anderson,"Paul Thomas Anderson, Upton Sinclair","Daniel Day-Lewis, Paul Dano, Ciarán Hinds","A story of family, religion, hatred, oil and madness, focusing on a turn-of-the-century prospector in the early days of the business.","English, American Sign ",United States,Won 2 Oscars. 114 wins & 138 nominations total,https://m.media-amazon.com/images/M/MV5BMjAxODQ4MDU5NV5BMl5BanBnXkFtZTcwMDU4MjU1MQ@@._V1_SX300.jpg,"[{'Source': 'Internet Movie Database', 'Value': '8.2/10'}, {'Source': 'Rotten Tomatoes', 'Value': '91%'}, {'Source': 'Metacritic', 'Value': '93/100'}]",93,8.2,"635,381",tt0469494,movie,24 Feb 2012,"$40,222,514",N/A,N/A,True,,
Spirited Away,2001,PG,28 Mar 2003,125 min,"Animation, Adventure, Family",Hayao Miyazaki,Hayao Miyazaki,"Daveigh Chase, Suzanne Pleshette, Miyu Irino","During her family's move to the suburbs, a sullen 10-year-old girl wanders into a world ruled by gods, witches and spirits, a world where humans are changed into beasts.",Japanese,Japan,Won 1 Oscar. 58 wins & 31 nominations total,https://m.media-amazon.com/images/M/MV5BMjlmZmI5MDctNDE2YS00YWE0LWE5ZWItZDBhYWQ0NTcxNWRhXkEyXkFqcGdeQXVyMTMxODk2OTU@._V1_SX300.jpg,"[{'Source': 'Internet Movie Database', 'Value': '8.6/10'}, {'Source': 'Rotten Tomatoes', 'Value': '96%'}, {'Source': 'Metacritic', 'Value': '96/100'}]",96,8.6,"835,536",tt0245429,movie,19 Dec 2019,"$15,205,725",N/A,N/A,True,,
Boyhood,2014,R,15 Aug 2014,165 min,Drama,Richard Linklater,Richard Linklater,"Ellar Coltrane, Patricia Arquette, Ethan Hawke","The life of Mason, from early childhood to his arrival at college.","English, Spanish, Ukrainian, Arabic",United States,Won 1 Oscar. 175 wins & 218 nominations total,https://m.media-amazon.com/images/M/MV5BMTYzNDc2MDc0N15BMl5BanBnXkFtZTgwOTcwMDQ5MTE@._V1_SX300.jpg,"[{'Source': 'Internet Movie Database', 'Value': '7.9/10'}, {'Source': 'Rotten Tomatoes', 'Value': '97%'}, {'Source': 'Metacritic', 'Value': '100/100'}]",100,7.9,"365,562",tt1065073,movie,07 Jan 2016,"$25,352,281",N/A,N/A,True,,
Eternal Sunshine of the Spotless Mind,2004,R,19 Mar 2004,108 min,"Drama, Romance, Sci-Fi",Michel Gondry,"Charlie Kaufman, Michel Gondry, Pierre Bismuth","Jim Carrey, Kate Winslet, Tom Wilkinson","When their relationship turns sour, a couple undergoes a medical procedure to have each other erased from their memories for ever.",English,United States,Won 1 Oscar. 73 wins & 111 nominations total,https://m.media-amazon.com/images/M/MV5BMTY4NzcwODg3Nl5BMl5BanBnXkFtZTcwNTEwOTMyMw@@._V1_SX300.jpg,"[{'Source': 'Internet Movie Database', 'Value': '8.3/10'}, {'Source': 'Rotten Tomatoes', 'Value': '92%'}, {'Source': 'Metacritic', 'Value': '89/100'}]",89,8.3,"1,064,309",tt0338013,movie,12 Feb 2014,"$34,400,301",N/A,N/A,True,,
A Separation,2011,PG-13,16 Mar 2011,123 min,Drama,Asghar Farhadi,Asghar Farhadi,"Payman Maadi, Leila Hatami, Sareh Bayat",A married couple are faced with a difficult decision - to improve the life of their child by moving to another country or to stay in Iran and look after a deteriorating parent who has Alzheimer's disease.,Persian,"Iran, France, Australia",Won 1 Oscar. 88 wins & 52 nominations total,https://m.media-amazon.com/images/M/MV5BN2JmMjViMjMtZTM5Mi00ZGZkLTk5YzctZDg5MjFjZDE4NjNkXkEyXkFqcGdeQXVyMTMxODk2OTU@._V1_SX300.jpg,"[{'Source': 'Internet Movie Database', 'Value': '8.3/10'}, {'Source': 'Rotten Tomatoes', 'Value': '99%'}, {'Source': 'Metacritic', 'Value': '95/100'}]",95,8.3,"256,468",tt1832382,movie,12 Feb 2014,"$7,099,055",N/A,N/A,True,,
The Tree of Life,2011,PG-13,17 May 2011,139 min,"Drama, Fantasy",Terrence Malick,Terrence Malick,"Brad Pitt, Sean Penn, Jessica Chastain","The story of a family in Waco, Texas in 1956. The eldest son witnesses the loss of innocence and struggles with his parents' conflicting teachings.",English,United States,Nominated for 3 Oscars. 116 wins & 129 nominations total,https://m.media-amazon.com/images/M/MV5BMTMwNjQ0NjMzN15BMl5BanBnXkFtZTcwNjMxMTkyNA@@._V1_SX300.jpg,"[{'Source': 'Internet Movie Database', 'Value': '6.8/10'}, {'Source': 'Rotten Tomatoes', 'Value': '85%'}, {'Source': 'Metacritic', 'Value': '85/100'}]",85,6.8,"183,095",tt0478304,movie,25 Nov 2015,"$13,303,319",N/A,N/A,True,,
,,,,,,,,,,,,,,,,,,,,,,,,False,Movie not found!,
No Country for Old Men,2007,R,21 Nov 2007,122 min,"Crime, Drama, Thriller","Ethan Coen, Joel Coen","Joel Coen, Ethan Coen, Cormac McCarthy","Tommy Lee Jones, Javier Bardem, Josh Brolin","While out hunting, Llewelyn finds the grisly aftermath of a drug deal. Though he knows better, he cannot resist the cash left behind and takes it. The hunter becomes the hunted when a merciless killer named Chigurh picks up his tr...","English, Spanish",United States,Won 4 Oscars. 164 wins & 139 nominations total,https://m.media-amazon.com/images/M/MV5BMjA5Njk3MjM4OV5BMl5BanBnXkFtZTcwMTc5MTE1MQ@@._V1_SX300.jpg,"[{'Source': 'Internet Movie Database', 'Value': '8.2/10'}, {'Source': 'Rotten Tomatoes', 'Value': '93%'}, {'Source': 'Metacritic', 'Value': '92/100'}]",92,8.2,"1,045,552",tt0477348,movie,21 Apr 2016,"$74,283,625",N/A,N/A,True,,
Yi Yi,2000,Not Rated,16 Dec 2000,173 min,"Drama, Romance",Edward Yang,Edward Yang,"Nien-Jen Wu, Elaine Jin, Issei Ogata",Each member of a middle-class Taipei family seeks to reconcile past and present relationships within their daily lives.,"Mandarin, Min Nan, Hokkien, English, Japanese, French","Taiwan, Japan",13 wins & 23 nominations,https://m.media-amazon.com/images/M/MV5BZDNkMGUyYzUtNjM0ZC00NDM2LWE5ZjEtMjliNzIxMmMzZThhXkEyXkFqcGdeQXVyMzAxNjg3MjQ@._V1_SX300.jpg,"[{'Source': 'Internet Movie Database', 'Value': '8.1/10'}, {'Source': 'Metacritic', 'Value': '94/100'}]",94,8.1,"27,872",tt0244316,movie,12 Jun 2007,"$1,136,776",N/A,N/A,True,,
Yi Yi,2000,Not Rated,16 Dec 2000,173 min,"Drama, Romance",Edward Yang,Edward Yang,"Nien-Jen Wu, Elaine Jin, Issei Ogata",Each member of a middle-class Taipei family seeks to reconcile past and present relationships within their daily lives.,"Mandarin, Min Nan, Hokkien, English, Japanese, French","Taiwan, Japan",13 wins & 23 nominations,https://m.media-amazon.com/images/M/MV5BZDNkMGUyYzUtNjM0ZC00NDM2LWE5ZjEtMjliNzIxMmMzZThhXkEyXkFqcGdeQXVyMzAxNjg3MjQ@._V1_SX300.jpg,"[{'Source': 'Internet Movie Database', 'Value': '8.1/10'}, {'Source': 'Metacritic', 'Value': '94/100'}]",94,8.1,"27,872",tt0244316,movie,12 Jun 2007,"$1,136,776",N/A,N/A,True,,
Inside Llewyn Davis,2013,R,10 Jan 2014,104 min,"Drama, Music","Ethan Coen, Joel Coen","Joel Coen, Ethan Coen","Oscar Isaac, Carey Mulligan, John Goodman",A week in the life of a young singer as he navigates the Greenwich Village folk scene of 1961.,English,"United States, United Kingdom, France",Nominated for 2 Oscars. 46 wins & 174 nominations total,https://m.media-amazon.com/images/M/MV5BMjAxNjcyNDQxM15BMl5BanBnXkFtZTgwNzU2NDA0MDE@._V1_SX300.jpg,"[{'Source': 'Internet Movie Database', 'Value': '7.4/10'}, {'Source': 'Rotten Tomatoes', 'Value': '92%'}, {'Source': 'Metacritic', 'Value': '93/100'}]",93,7.4,"162,504",tt2042568,movie,11 Mar 2014,"$13,235,319",N/A,N/A,True,,
Children of Men,2006,R,05 Jan 2007,109 min,"Action, Drama, Sci-Fi",Alfonso Cuarón,"Alfonso Cuarón, Timothy J. Sexton, David Arata","Julianne Moore, Clive Owen, Chiwetel Ejiofor","In 2027, in a chaotic world in which women have somehow become infertile, a former activist agrees to help transport a miraculously pregnant woman to a sanctuary at sea.","English, German, Italian, Romanian, Spanish, Arabic, Georgian, Russian, Serbian","United States, United Kingdom, Japan",Nominated for 3 Oscars. 49 wins & 89 nominations total,https://m.media-amazon.com/images/M/MV5BZjUzY2ZhZDAtZDRlNS00MzEzLTliZjItMzMyYzM2OTdkZGJjXkEyXkFqcGdeQXVyMjUzOTY1NTc@._V1_SX300.jpg,"[{'Source': 'Internet Movie Database', 'Value': '7.9/10'}, {'Source': 'Rotten Tomatoes', 'Value': '92%'}, {'Source': 'Metacritic', 'Value': '84/100'}]",84,7.9,"525,754",tt0206634,movie,12 Feb 2014,"$35,552,383",N/A,N/A,True,,
"4 Months, 3 Weeks and 2 Days",2007,Not Rated,14 Sep 2007,113 min,Drama,Cristian Mungiu,Cristian Mungiu,"Anamaria Marinca, Laura Vasiliu, Vlad Ivanov",A woman assists her friend in arranging an illegal abortion in 1980s Romania.,Romanian,"Romania, Belgium",41 wins & 59 nominations,https://m.media-amazon.com/images/M/MV5BMTk3NDY2MDg0MF5BMl5BanBnXkFtZTYwODcwODc4._V1_SX300.jpg,"[{'Source': 'Internet Movie Database', 'Value': '7.9/10'}, {'Source': 'Rotten Tomatoes', 'Value': '96%'}, {'Source': 'Metacritic', 'Value': '97/100'}]",97,7.9,"62,950",tt1032846,movie,10 Oct 2016,"$1,198,208",N/A,N/A,True,,
Pan's Labyrinth,2006,R,19 Jan 2007,118 min,"Drama, Fantasy, War",Guillermo del Toro,Guillermo del Toro,"Ivana Baquero, Ariadna Gil, Sergi López","In the Falangist Spain of 1944, the bookish young stepdaughter of a sadistic army officer escapes into an eerie but captivating fantasy world.",Spanish,"Mexico, Spain",Won 3 Oscars. 109 wins & 115 nominations total,https://m.media-amazon.com/images/M/MV5BYzFjMThiMGItOWRlMC00MDI4LThmOGUtYTNlZGZiYWI1YjMyXkEyXkFqcGdeQXVyMjUzOTY1NTc@._V1_SX300.jpg,"[{'Source': 'Internet Movie Database', 'Value': '8.2/10'}, {'Source': 'Rotten Tomatoes', 'Value': '95%'}, {'Source': 'Metacritic', 'Value': '98/100'}]",98,8.2,"699,649",tt0457430,movie,01 Aug 2010,"$37,646,380",N/A,N/A,True,,
The Act of Killing,2012,Not Rated,08 Nov 2012,117 min,"Documentary, Biography, Crime","Joshua Oppenheimer, Anonymous, Christine Cynn",N/A,"Anwar Congo, Herman Koto, Syamsul Arifin","A documentary which challenges former Indonesian death-squad leaders to reenact their mass-killings in whichever cinematic genres they wish, including classic Hollywood crime scenarios and lavish musical numbers.","Indonesian, English","United Kingdom, Denmark, Norway",Nominated for 1 Oscar. 55 wins & 46 nominations total,https://m.media-amazon.com/images/M/MV5BNmZjMDgyMDgtYWI4OS00YjZkLWEyODktNzE0MmViOTFjMDA4XkEyXkFqcGdeQXVyNTA4NzY1MzY@._V1_SX300.jpg,"[{'Source': 'Internet Movie Database', 'Value': '8.2/10'}, {'Source': 'Rotten Tomatoes', 'Value': '95%'}, {'Source': 'Metacritic', 'Value': '91/100'}]",91,8.2,"40,452",tt2375605,movie,10 Aug 2016,"$486,919",N/A,N/A,True,,
Holy Motors,2012,Not Rated,04 Jul 2012,115 min,"Drama, Fantasy",Leos Carax,Leos Carax,"Denis Lavant, Edith Scob, Eva Mendes","A man boards a limousine to be driven to his day's work: nine mysterious ""appointments.""","French, English, Chinese","France, Germany, Belgium",29 wins & 71 nominations,https://m.media-amazon.com/images/M/MV5BODk2MDc4MDk2OF5BMl5BanBnXkFtZTcwMTcyODY1OA@@._V1_SX300.jpg,"[{'Source': 'Internet Movie Database', 'Value': '7.0/10'}, {'Source': 'Rotten Tomatoes', 'Value': '92%'}, {'Source': 'Metacritic', 'Value': '84/100'}]",84,7.0,"48,644",tt2076220,movie,06 Dec 2016,"$641,100",N/A,N/A,True,,
Zodiac,2007,R,02 Mar 2007,157 min,"Crime, Drama, Mystery",David Fincher,"James Vanderbilt, Robert Graysmith","Jake Gyllenhaal, Robert Downey Jr., Mark Ruffalo","Between 1968 and 1983, a San Francisco cartoonist becomes an amateur detective obsessed with tracking down the Zodiac Killer, an unidentified individual who terrorizes Northern California with a killing spree.",English,United States,3 wins & 71 nominations,https://m.media-amazon.com/images/M/MV5BN2UwNDc5NmEtNjVjZS00OTI5LWE5YjctMWM3ZjBiZGYwMGI2XkEyXkFqcGdeQXVyNzkwMjQ5NzM@._V1_SX300.jpg,"[{'Source': 'Internet Movie Database', 'Value': '7.7/10'}, {'Source': 'Rotten Tomatoes', 'Value': '90%'}, {'Source': 'Metacritic', 'Value': '79/100'}]",79,7.7,"590,502",tt0443706,movie,01 Aug 2013,"$33,080,084",N/A,N/A,True,,
Mad Max: Fury Road,2015,R,15 May 2015,120 min,"Action, Adventure, Sci-Fi",George Miller,"George Miller, Brendan McCarthy, Nick Lathouris","Tom Hardy, Charlize Theron, Nicholas Hoult","In a post-apocalyptic wasteland, a woman rebels against a tyrannical ruler in search for her homeland with the aid of a group of female prisoners, a psychotic worshiper and a drifter named Max.","English, Russian",Australia,Won 6 Oscars. 245 wins & 233 nominations total,https://m.media-amazon.com/images/M/MV5BN2EwM2I5OWMtMGQyMi00Zjg1LWJkNTctZTdjYTA4OGUwZjMyXkEyXkFqcGdeQXVyMTMxODk2OTU@._V1_SX300.jpg,"[{'Source': 'Internet Movie Database', 'Value': '8.1/10'}, {'Source': 'Rotten Tomatoes', 'Value': '97%'}, {'Source': 'Metacritic', 'Value': '90/100'}]",90,8.1,"1,072,041",tt1392190,movie,10 Aug 2016,"$154,280,290",N/A,N/A,True,,
The White Ribbon,2009,R,05 Mar 2010,144 min,"Drama, Mystery, Thriller",Michael Haneke,Michael Haneke,"Christian Friedel, Ernst Jacobi, Leonie Benesch","Strange events happen in a small village in the north of Germany during the years before World War I, which seem to be ritual punishment. Who is responsible?","German, Italian, Polish, Latin","Germany, Austria, France, Italy, Canada",Nominated for 2 Oscars. 62 wins & 48 nominations total,https://m.media-amazon.com/images/M/MV5BMTQ2OTYyNzUxOF5BMl5BanBnXkFtZTcwMzUwMDY4Mg@@._V1_SX300.jpg,"[{'Source': 'Internet Movie Database', 'Value': '7.8/10'}, {'Source': 'Rotten Tomatoes', 'Value': '85%'}, {'Source': 'Metacritic', 'Value': '84/100'}]",84,7.8,"77,180",tt1149362,movie,13 Aug 2010,"$2,222,862",N/A,N/A,True,,
Caché,2005,R,17 Feb 2006,117 min,"Drama, Mystery, Thriller",Michael Haneke,Michael Haneke,"Daniel Auteuil, Juliette Binoche, Maurice Bénichou",A married couple is terrorized by a series of surveillance videotapes left on their front porch.,French,"France, Austria, Germany, Italy",29 wins & 37 nominations,https://m.media-amazon.com/images/M/MV5BYTAxZTU0Y2MtOWY2Mi00YWVmLWJkMTctMjg2YjVjOGI1OGZmXkEyXkFqcGdeQXVyMzIzNDU1NTY@._V1_SX300.jpg,"[{'Source': 'Internet Movie Database', 'Value': '7.3/10'}, {'Source': 'Rotten Tomatoes', 'Value': '89%'}, {'Source': 'Metacritic', 'Value': '86/100'}]",86,7.3,"84,579",tt0387898,movie,16 Apr 2012,"$3,647,381",N/A,N/A,True,,
Talk to Her,2002,R,14 Feb 2003,112 min,"Drama, Mystery, Romance",Pedro Almodóvar,Pedro Almodóvar,"Rosario Flores, Javier Cámara, Darío Grandinetti",Two men share an odd friendship while they care for two women who are both in deep comas.,Spanish,Spain,Won 1 Oscar. 46 wins & 47 nominations total,https://m.media-amazon.com/images/M/MV5BMzBlNDhiMmMtNDVlNy00NjQ5LWJlYjEtYjc4ZTVjZjM4ZWIxXkEyXkFqcGdeQXVyMTMxODk2OTU@._V1_SX300.jpg,"[{'Source': 'Internet Movie Database', 'Value': '7.9/10'}, {'Source': 'Rotten Tomatoes', 'Value': '91%'}, {'Source': 'Metacritic', 'Value': '86/100'}]",86,7.9,"116,779",tt0287467,movie,25 Oct 2013,"$9,357,911",N/A,N/A,True,,
The Social Network,2010,PG-13,01 Oct 2010,120 min,"Biography, Drama",David Fincher,"Aaron Sorkin, Ben Mezrich","Jesse Eisenberg, Andrew Garfield, Justin Timberlake","As Harvard student Mark Zuckerberg creates the social networking site that would become known as Facebook, he is sued by the twins who claimed he stole their idea and by the co-founder who was later squeezed out of the business.","English, French",United States,Won 3 Oscars. 173 wins & 187 nominations total,https://m.media-amazon.com/images/M/MV5BOGUyZDUxZjEtMmIzMC00MzlmLTg4MGItZWJmMzBhZjE0Mjc1XkEyXkFqcGdeQXVyMTMxODk2OTU@._V1_SX300.jpg,"[{'Source': 'Internet Movie Database', 'Value': '7.8/10'}, {'Source': 'Rotten Tomatoes', 'Value': '96%'}, {'Source': 'Metacritic', 'Value': '95/100'}]",95,7.8,"751,601",tt1285016,movie,05 Jun 2012,"$96,962,694",N/A,N/A,True,,
The Grand Budapest Hotel,2014,R,28 Mar 2014,99 min,"Adventure, Comedy, Crime",Wes Anderson,"Stefan Zweig, Wes Anderson, Hugo Guinness","Ralph Fiennes, F. Murray Abraham, Mathieu Amalric","A writer encounters the owner of an aging high-class hotel, who tells him of his early years serving as a lobby boy in the hotel's glorious years under an exceptional concierge.","English, French, German","United Kingdom, Germany, United States",Won 4 Oscars. 135 wins & 226 nominations total,https://m.media-amazon.com/images/M/MV5BMzM5NjUxOTEyMl5BMl5BanBnXkFtZTgwNjEyMDM0MDE@._V1_SX300.jpg,"[{'Source': 'Internet Movie Database', 'Value': '8.1/10'}, {'Source': 'Rotten Tomatoes', 'Value': '92%'}, {'Source': 'Metacritic', 'Value': '88/100'}]",88,8.1,"878,311",tt2278388,movie,01 Dec 2015,"$59,301,324",N/A,N/A,True,,
Lost in Translation,2003,R,03 Oct 2003,102 min,"Comedy, Drama",Sofia Coppola,Sofia Coppola,"Bill Murray, Scarlett Johansson, Giovanni Ribisi",A faded movie star and a neglected young woman form an unlikely bond after crossing paths in Tokyo.,"English, Japanese, German, French","United States, Japan",Won 1 Oscar. 97 wins & 133 nominations total,https://m.media-amazon.com/images/M/MV5BMTUxMzk0NDg1MV5BMl5BanBnXkFtZTgwNDg0NjkxMDI@._V1_SX300.jpg,"[{'Source': 'Internet Movie Database', 'Value': '7.7/10'}, {'Source': 'Rotten Tomatoes', 'Value': '95%'}, {'Source': 'Metacritic', 'Value': '91/100'}]",91,7.7,"483,427",tt0335266,movie,15 Jun 2012,"$44,585,453",N/A,N/A,True,,
25th Hour,2002,R,10 Jan 2003,135 min,Drama,Spike Lee,David Benioff,"Edward Norton, Barry Pepper, Philip Seymour Hoffman","Cornered by the DEA, convicted New York drug dealer Montgomery Brogan reevaluates his life in the 24 remaining hours before facing a seven-year jail term.",English,United States,4 wins & 17 nominations,https://m.media-amazon.com/images/M/MV5BNmE0YjdlYTktMTU4Ni00Mjk2LWI3NWMtM2RjNmFiOTk4YjYxL2ltYWdlXkEyXkFqcGdeQXVyNTAyODkwOQ@@._V1_SX300.jpg,"[{'Source': 'Internet Movie Database', 'Value': '7.6/10'}, {'Source': 'Rotten Tomatoes', 'Value': '79%'}, {'Source': 'Metacritic', 'Value': '69/100'}]",69,7.6,"183,971",tt0307901,movie,10 Aug 2016,"$13,084,595",N/A,N/A,True,,
"Synecdoche, New York",2008,R,05 Feb 2009,124 min,Drama,Charlie Kaufman,Charlie Kaufman,"Philip Seymour Hoffman, Samantha Morton, Michelle Williams","A theatre director struggles with his work, and the women in his life, as he creates a life-size replica of New York City inside a warehouse as part of his new play.","English, German",United States,8 wins & 29 nominations,https://m.media-amazon.com/images/M/MV5BMjA0MjIyOTI3MF5BMl5BanBnXkFtZTcwODM5NTY5MQ@@._V1_SX300.jpg,"[{'Source': 'Internet Movie Database', 'Value': '7.5/10'}, {'Source': 'Rotten Tomatoes', 'Value': '69%'}, {'Source': 'Metacritic', 'Value': '67/100'}]",67,7.5,"97,581",tt0383028,movie,24 Apr 2009,"$3,083,538",N/A,N/A,True,,
Brokeback Mountain,2005,R,13 Jan 2006,134 min,"Drama, Romance",Ang Lee,"Annie Proulx, Larry McMurtry, Diana Ossana","Jake Gyllenhaal, Heath Ledger, Michelle Williams",Ennis and Jack are two shepherds who develop a sexual and emotional relationship. Their relationship becomes complicated when both of them get married to their respective girlfriends.,"English, Spanish","United States, Canada",Won 3 Oscars. 141 wins & 133 nominations total,https://m.media-amazon.com/images/M/MV5BNTM4NTFiZGMtNjljZi00MDIzLWJkNTctMzA0NWViNjYxMDY1XkEyXkFqcGdeQXVyMTU3NDU4MDg2._V1_SX300.jpg,"[{'Source': 'Internet Movie Database', 'Value': '7.7/10'}, {'Source': 'Rotten Tomatoes', 'Value': '88%'}, {'Source': 'Metacritic', 'Value': '87/100'}]",87,7.7,"379,627",tt0388795,movie,11 Feb 2015,"$83,043,761",N/A,N/A,True,,
WALL·E,2008,G,27 Jun 2008,98 min,"Animation, Adventure, Family",Andrew Stanton,"Andrew Stanton, Pete Docter, Jim Reardon","Ben Burtt, Elissa Knight, Jeff Garlin","In the distant future, a small waste-collecting robot inadvertently embarks on a space journey that will ultimately decide the fate of mankind.","English, Russian, Ukrainian","United States, Japan",Won 1 Oscar. 96 wins & 95 nominations total,https://m.media-amazon.com/images/M/MV5BMjExMTg5OTU0NF5BMl5BanBnXkFtZTcwMjMxMzMzMw@@._V1_SX300.jpg,"[{'Source': 'Internet Movie Database', 'Value': '8.4/10'}, {'Source': 'Rotten Tomatoes', 'Value': '95%'}, {'Source': 'Metacritic', 'Value': '95/100'}]",95,8.4,"1,187,738",tt0910970,movie,01 Jan 2014,"$223,808,164",N/A,N/A,True,,
Memento,2000,R,25 May 2001,113 min,"Mystery, Thriller",Christopher Nolan,"Christopher Nolan, Jonathan Nolan","Guy Pearce, Carrie-Anne Moss, Joe Pantoliano",A man with short-term memory loss attempts to track down his wife's murderer.,English,United States,Nominated for 2 Oscars. 57 wins & 59 nominations total,https://m.media-amazon.com/images/M/MV5BZTcyNjk1MjgtOWI3Mi00YzQwLWI5MTktMzY4ZmI2NDAyNzYzXkEyXkFqcGdeQXVyNjU0OTQ0OTY@._V1_SX300.jpg,"[{'Source': 'Internet Movie Database', 'Value': '8.4/10'}, {'Source': 'Rotten Tomatoes', 'Value': '94%'}, {'Source': 'Metacritic', 'Value': '83/100'}]",83,8.4,"1,309,458",tt0209144,movie,01 Mar 2017,"$25,544,867",N/A,N/A,True,,
Oldboy,2003,R,21 Nov 2003,120 min,"Action, Drama, Mystery",Park Chan-wook,"Garon Tsuchiya, Nobuaki Minegishi, Park Chan-wook","Choi Min-sik, Yoo Ji-tae, Kang Hye-jeong","After being kidnapped and imprisoned for fifteen years, Oh Dae-Su is released, only to find that he must find his captor in five days.",Korean,South Korea,40 wins & 27 nominations,https://m.media-amazon.com/images/M/MV5BMTI3NTQyMzU5M15BMl5BanBnXkFtZTcwMTM2MjgyMQ@@._V1_SX300.jpg,"[{'Source': 'Internet Movie Database', 'Value': '8.3/10'}, {'Source': 'Rotten Tomatoes', 'Value': '83%'}, {'Source': 'Metacritic', 'Value': '77/100'}]",77,8.3,"626,661",tt0364569,movie,01 Apr 2017,"$2,458,200",N/A,N/A,True,,
City of God,2002,R,13 Feb 2004,130 min,"Crime, Drama","Fernando Meirelles, Kátia Lund","Paulo Lins, Bráulio Mantovani","Alexandre Rodrigues, Leandro Firmino, Matheus Nachtergaele","In the slums of Rio, two kids' paths diverge as one struggles to become a photographer and the other a kingpin.",Portuguese,"Brazil, France, Germany",Nominated for 4 Oscars. 75 wins & 50 nominations total,https://m.media-amazon.com/images/M/MV5BMGU5OWEwZDItNmNkMC00NzZmLTk1YTctNzVhZTJjM2NlZTVmXkEyXkFqcGdeQXVyMTMxODk2OTU@._V1_SX300.jpg,"[{'Source': 'Internet Movie Database', 'Value': '8.6/10'}, {'Source': 'Rotten Tomatoes', 'Value': '91%'}, {'Source': 'Metacritic', 'Value': '79/100'}]",79,8.6,"794,637",tt0317248,movie,17 Dec 2015,"$7,564,459",N/A,N/A,True,,
Son of Saul,2015,R,11 Jun 2015,107 min,"Drama, War",László Nemes,"László Nemes, Clara Royer","Géza Röhrig, Levente Molnár, Urs Rechn",A Jewish-Hungarian concentration camp prisoner sets out to give a child he mistook for his son a proper burial.,"Hungarian, Yiddish, German, Russian, Polish, French, Greek, Slovak, Hebrew",Hungary,Won 1 Oscar. 65 wins & 61 nominations total,https://m.media-amazon.com/images/M/MV5BMTUxNjk0NTczMV5BMl5BanBnXkFtZTgwNzIzMTEzNzE@._V1_SX300.jpg,"[{'Source': 'Internet Movie Database', 'Value': '7.4/10'}, {'Source': 'Rotten Tomatoes', 'Value': '96%'}, {'Source': 'Metacritic', 'Value': '91/100'}]",91,7.4,"51,438",tt3808342,movie,16 Oct 2016,"$1,777,043",N/A,N/A,True,,
Inglourious Basterds,2009,R,21 Aug 2009,153 min,"Adventure, Drama, War",Quentin Tarantino,Quentin Tarantino,"Brad Pitt, Diane Kruger, Eli Roth","In Nazi-occupied France during World War II, a plan to assassinate Nazi leaders by a group of Jewish U.S. soldiers coincides with a theatre owner's vengeful plans for the same.","English, German, French, Italian","Germany, United States",Won 1 Oscar. 134 wins & 172 nominations total,https://m.media-amazon.com/images/M/MV5BOTJiNDEzOWYtMTVjOC00ZjlmLWE0NGMtZmE1OWVmZDQ2OWJhXkEyXkFqcGdeQXVyNTIzOTk5ODM@._V1_SX300.jpg,"[{'Source': 'Internet Movie Database', 'Value': '8.4/10'}, {'Source': 'Rotten Tomatoes', 'Value': '89%'}, {'Source': 'Metacritic', 'Value': '69/100'}]",69,8.4,"1,561,622",tt0361748,movie,10 Dec 2015,"$120,540,719",N/A,N/A,True,,
The Lives of Others,2006,R,30 Mar 2007,137 min,"Drama, Mystery, Thriller",Florian Henckel von Donnersmarck,Florian Henckel von Donnersmarck,"Ulrich Mühe, Martina Gedeck, Sebastian Koch","In 1984 East Berlin, an agent of the secret police, conducting surveillance on a writer and his lover, finds himself becoming increasingly absorbed by their lives.",German,"Germany, France",Won 1 Oscar. 80 wins & 38 nominations total,https://m.media-amazon.com/images/M/MV5BNmQyNmJjM2ItNTQzYi00ZjMxLWFjMDYtZjUyN2YwZDk5YWQ2XkEyXkFqcGdeQXVyMjUzOTY1NTc@._V1_SX300.jpg,"[{'Source': 'Internet Movie Database', 'Value': '8.4/10'}, {'Source': 'Rotten Tomatoes', 'Value': '92%'}, {'Source': 'Metacritic', 'Value': '89/100'}]",89,8.4,"407,770",tt0405094,movie,20 Oct 2007,"$11,286,112",N/A,N/A,True,,
Leviathan,2014,R,05 Feb 2015,140 min,"Crime, Drama",Andrey Zvyagintsev,"Oleg Negin, Andrey Zvyagintsev","Aleksey Serebryakov, Elena Lyadova, Roman Madyanov","In a Russian coastal town, Kolya is forced to fight the corrupt mayor when he is told that his house will be demolished. He recruits a lawyer friend to help, but the man's arrival brings further misfortune for Kolya and his family.",Russian,Russia,Nominated for 1 Oscar. 38 wins & 51 nominations total,https://m.media-amazon.com/images/M/MV5BMjAwMTY3MTU0Ml5BMl5BanBnXkFtZTgwNzE0ODAwMzE@._V1_SX300.jpg,"[{'Source': 'Internet Movie Database', 'Value': '7.6/10'}, {'Source': 'Rotten Tomatoes', 'Value': '97%'}, {'Source': 'Metacritic', 'Value': '92/100'}]",92,7.6,"56,548",tt2802154,movie,08 Nov 2016,"$1,092,800",N/A,N/A,True,,
12 Years a Slave,2013,R,08 Nov 2013,134 min,"Biography, Drama, History",Steve McQueen,"John Ridley, Solomon Northup","Chiwetel Ejiofor, Michael Kenneth Williams, Michael Fassbender","In the antebellum United States, Solomon Northup, a free black man from upstate New York, is abducted and sold into slavery.",English,"United Kingdom, United States",Won 3 Oscars. 243 wins & 337 nominations total,https://m.media-amazon.com/images/M/MV5BMjExMTEzODkyN15BMl5BanBnXkFtZTcwNTU4NTc4OQ@@._V1_SX300.jpg,"[{'Source': 'Internet Movie Database', 'Value': '8.1/10'}, {'Source': 'Rotten Tomatoes', 'Value': '95%'}, {'Source': 'Metacritic', 'Value': '96/100'}]",96,8.1,"735,458",tt2024544,movie,31 Aug 2015,"$56,671,993",N/A,N/A,True,,
The Master,2012,R,21 Sep 2012,138 min,"Drama, History",Paul Thomas Anderson,Paul Thomas Anderson,"Joaquin Phoenix, Philip Seymour Hoffman, Amy Adams",A Naval veteran arrives home from war unsettled and uncertain of his future - until he is tantalized by the Cause and its charismatic leader.,"English, Filipino",United States,Nominated for 3 Oscars. 75 wins & 187 nominations total,https://m.media-amazon.com/images/M/MV5BMTQ2NjQ5MzMwMF5BMl5BanBnXkFtZTcwMjczNTAzOA@@._V1_SX300.jpg,"[{'Source': 'Internet Movie Database', 'Value': '7.1/10'}, {'Source': 'Rotten Tomatoes', 'Value': '85%'}, {'Source': 'Metacritic', 'Value': '86/100'}]",86,7.1,"184,960",tt1560747,movie,12 Jul 2014,"$16,377,274",N/A,N/A,True,,
The Dark Knight,2008,PG-13,18 Jul 2008,152 min,"Action, Crime, Drama",Christopher Nolan,"Jonathan Nolan, Christopher Nolan, David S. Goyer","Christian Bale, Heath Ledger, Aaron Eckhart","When the menace known as the Joker wreaks havoc and chaos on the people of Gotham, Batman must accept one of the greatest psychological and physical tests of his ability to fight injustice.","English, Mandarin","United States, United Kingdom",Won 2 Oscars. 162 wins & 164 nominations total,https://m.media-amazon.com/images/M/MV5BMTMxNTMwODM0NF5BMl5BanBnXkFtZTcwODAyMTk2Mw@@._V1_SX300.jpg,"[{'Source': 'Internet Movie Database', 'Value': '9.0/10'}, {'Source': 'Rotten Tomatoes', 'Value': '94%'}, {'Source': 'Metacritic', 'Value': '84/100'}]",84,9.0,"2,835,809",tt0468569,movie,14 Jun 2010,"$534,987,076",N/A,N/A,True,,
Certified Copy,2010,Not Rated,25 Mar 2011,106 min,"Drama, Romance",Abbas Kiarostami,"Abbas Kiarostami, Caroline Eliacheff","Juliette Binoche, William Shimell, Jean-Claude Carrière","In Tuscany to promote his latest book, a middle-aged British writer meets a French woman who leads him to the village of Lucignano. While there, a chance question reveals something deeper.","French, English, Italian","France, Italy, Belgium, Iran",10 wins & 28 nominations,https://m.media-amazon.com/images/M/MV5BYzhiNGVmZDEtZjk4MC00ZjcwLWI2NzUtNzNkYzY2ZjQyODRjXkEyXkFqcGdeQXVyNzI1NzMxNzM@._V1_SX300.jpg,"[{'Source': 'Internet Movie Database', 'Value': '7.2/10'}, {'Source': 'Rotten Tomatoes', 'Value': '89%'}, {'Source': 'Metacritic', 'Value': '82/100'}]",82,7.2,"26,595",tt1020773,movie,10 Mar 2017,"$1,373,975",N/A,N/A,True,,
Margaret,2011,R,01 Jun 2012,150 min,Drama,Kenneth Lonergan,Kenneth Lonergan,"Anna Paquin, Matt Damon, Mark Ruffalo","A young woman witnesses a bus accident, and is caught up in the aftermath, where the question of whether or not it was intentional affects many people's lives.",English,United States,10 wins & 18 nominations,https://m.media-amazon.com/images/M/MV5BYWFiMTIyMjEtY2M4ZC00NDlkLWFiMWUtMDdhNTVhMjM0YjU3XkEyXkFqcGdeQXVyMTMxMTY0OTQ@._V1_SX300.jpg,"[{'Source': 'Internet Movie Database', 'Value': '6.5/10'}, {'Source': 'Rotten Tomatoes', 'Value': '75%'}, {'Source': 'Metacritic', 'Value': '61/100'}]",61,6.5,"18,189",tt0466893,movie,01 Jan 2014,"$46,495",N/A,N/A,True,,
Uncle Boonmee Who Can Recall His Past Lives,2010,Not Rated,01 Sep 2010,114 min,"Drama, Fantasy",Apichatpong Weerasethakul,"Phra Sripariyattiweti, Apichatpong Weerasethakul","Thanapat Saisaymar, Jenjira Pongpas, Sakda Kaewbuadee","Dying of kidney disease, a man spends his last, somber days with family, including the ghost of his wife and a forest spirit who used to be his son, on a rural northern Thailand farm.","Thai, French, Lao","Thailand, United Kingdom, France, Germany, Spain, Netherlands",11 wins & 25 nominations,https://m.media-amazon.com/images/M/MV5BMTc2MjAxMzI3NV5BMl5BanBnXkFtZTcwMDE3MDU0NA@@._V1_SX300.jpg,"[{'Source': 'Internet Movie Database', 'Value': '6.7/10'}, {'Source': 'Rotten Tomatoes', 'Value': '90%'}, {'Source': 'Metacritic', 'Value': '87/100'}]",87,6.7,"17,188",tt1588895,movie,10 Mar 2017,"$184,292",N/A,N/A,True,,
Timbuktu,2014,PG-13,10 Dec 2014,96 min,"Drama, War",Abderrahmane Sissako,"Abderrahmane Sissako, Kessen Tall","Ibrahim Ahmed, Abel Jafri, Toulou Kiki",A cattle herder and his family who reside in the dunes of Timbuktu find their quiet lives -- which are typically free of the Jihadists determined to control their faith -- abruptly disturbed.,"French, Arabic, Bambara, English, Songhay, Tamashek","France, Mauritania, Qatar",Nominated for 1 Oscar. 33 wins & 27 nominations total,https://m.media-amazon.com/images/M/MV5BMjMwOTQ0NTUyMF5BMl5BanBnXkFtZTgwNDg3NDUxNDE@._V1_SX300.jpg,"[{'Source': 'Internet Movie Database', 'Value': '7.1/10'}, {'Source': 'Rotten Tomatoes', 'Value': '98%'}, {'Source': 'Metacritic', 'Value': '92/100'}]",92,7.1,"18,165",tt3409392,movie,26 May 2015,"$1,076,075",N/A,N/A,True,,
A Serious Man,2009,R,06 Nov 2009,106 min,"Comedy, Drama","Ethan Coen, Joel Coen","Joel Coen, Ethan Coen","Michael Stuhlbarg, Richard Kind, Sari Lennick","Larry Gopnik, a Midwestern physics teacher, watches his life unravel over multiple sudden incidents. Though seeking meaning and answers amidst his turmoils, he seems to keep sinking.","English, Yiddish, Hebrew","United Kingdom, France, United States",Nominated for 2 Oscars. 17 wins & 80 nominations total,https://m.media-amazon.com/images/M/MV5BNGZkODlhMjktNzhhMC00YjFiLWJmODMtNjQwOGMzZjMxNTZiXkEyXkFqcGdeQXVyMTMxODk2OTU@._V1_SX300.jpg,"[{'Source': 'Internet Movie Database', 'Value': '7.0/10'}, {'Source': 'Rotten Tomatoes', 'Value': '89%'}, {'Source': 'Metacritic', 'Value': '88/100'}]",88,7.0,"148,881",tt1019452,movie,18 Mar 2014,"$9,228,768",N/A,N/A,True,,
Inside Out,2015,PG,19 Jun 2015,95 min,"Animation, Adventure, Comedy","Pete Docter, Ronnie Del Carmen","Pete Docter, Ronnie Del Carmen, Meg LeFauve","Amy Poehler, Bill Hader, Lewis Black","After young Riley is uprooted from her Midwest life and moved to San Francisco, her emotions - Joy, Fear, Anger, Disgust and Sadness - conflict on how best to navigate a new city, house, and school.","English, Portuguese, Latvian, Russian, Ukrainian","United States, Japan",Won 1 Oscar. 99 wins & 118 nominations total,https://m.media-amazon.com/images/M/MV5BOTgxMDQwMDk0OF5BMl5BanBnXkFtZTgwNjU5OTg2NDE@._V1_SX300.jpg,"[{'Source': 'Internet Movie Database', 'Value': '8.1/10'}, {'Source': 'Rotten Tomatoes', 'Value': '98%'}, {'Source': 'Metacritic', 'Value': '94/100'}]",94,8.1,"774,223",tt2096673,movie,03 Nov 2015,"$356,921,711",N/A,N/A,True,,
"Crouching Tiger, Hidden Dragon",2000,PG-13,12 Jan 2001,120 min,"Action, Adventure, Drama",Ang Lee,"Hui-Ling Wang, James Schamus, Kuo Jung Tsai","Chow Yun-Fat, Michelle Yeoh, Ziyi Zhang",A young Chinese warrior steals a sword from a famed swordsman and then escapes into a world of romantic adventure with a mysterious man in the frontier of the nation.,"Mandarin, Chinese","Taiwan, Hong Kong, United States, China",Won 4 Oscars. 101 wins & 132 nominations total,https://m.media-amazon.com/images/M/MV5BNDdhMzMxOTctNDMyNS00NTZmLTljNWEtNTc4MDBmZTYxY2NmXkEyXkFqcGdeQXVyNjU0OTQ0OTY@._V1_SX300.jpg,"[{'Source': 'Internet Movie Database', 'Value': '7.9/10'}, {'Source': 'Rotten Tomatoes', 'Value': '98%'}, {'Source': 'Metacritic', 'Value': '94/100'}]",94,7.9,"280,280",tt0190332,movie,16 Apr 2012,"$128,530,421",N/A,N/A,True,,
Amour,2012,PG-13,20 Sep 2012,127 min,Drama,Michael Haneke,Michael Haneke,"Jean-Louis Trintignant, Emmanuelle Riva, Isabelle Huppert","Georges and Anne are an octogenarian couple. They are cultivated, retired music teachers. Their daughter, also a musician, lives in Britain with her family. One day, Anne has a stroke, and the couple's bond of love is severely tes...","French, English","Austria, France, Germany",Won 1 Oscar. 84 wins & 108 nominations total,https://m.media-amazon.com/images/M/MV5BMTk1NTc3NDc4MF5BMl5BanBnXkFtZTcwNjYwNDk0OA@@._V1_SX300.jpg,"[{'Source': 'Internet Movie Database', 'Value': '7.9/10'}, {'Source': 'Rotten Tomatoes', 'Value': '93%'}, {'Source': 'Metacritic', 'Value': '95/100'}]",95,7.9,"104,998",tt1602620,movie,20 Aug 2013,"$6,739,492",N/A,N/A,True,,
Tabu,2012,Not Rated,05 Apr 2012,118 min,"Drama, Romance",Miguel Gomes,"Miguel Gomes, Mariana Ricardo","Telmo Churro, Miguel Gomes, Hortêncílio Aquina",A restless retired woman teams up with her deceased neighbor's maid to seek out a man who has a secret connection to her past life as a farm owner at the foothill of Mount Tabu in Africa.,"Portuguese, English, Polish","Portugal, Germany, Brazil, France, Spain",20 wins & 46 nominations,https://m.media-amazon.com/images/M/MV5BMWU5NzdhNWEtZTg1Zi00ZTIxLTlmZDItYjc5NGZiODk4NzRhXkEyXkFqcGdeQXVyMTA4NjE0NjEy._V1_SX300.jpg,"[{'Source': 'Internet Movie Database', 'Value': '7.3/10'}, {'Source': 'Rotten Tomatoes', 'Value': '89%'}, {'Source': 'Metacritic', 'Value': '78/100'}]",78,7.3,"7,352",tt2153963,movie,N/A,N/A,N/A,N/A,True,,
The New World,2005,PG-13,20 Jan 2006,135 min,"Biography, Drama, History",Terrence Malick,Terrence Malick,"Colin Farrell, Q'orianka Kilcher, Christopher Plummer","The story of the English exploration of Virginia, and of the changing world and loves of Pocahontas.","English, Algonquin, Inuktitut","United States, United Kingdom",Nominated for 1 Oscar. 6 wins & 34 nominations total,https://m.media-amazon.com/images/M/MV5BMTdjNjQ5ZTAtODJlZi00MzcyLWJjY2UtNDZhNTJkYjlkNGY5XkEyXkFqcGdeQXVyMTQxNzMzNDI@._V1_SX300.jpg,"[{'Source': 'Internet Movie Database', 'Value': '6.7/10'}, {'Source': 'Rotten Tomatoes', 'Value': '63%'}, {'Source': 'Metacritic', 'Value': '69/100'}]",69,6.7,"89,201",tt0402399,movie,01 Aug 2008,"$12,712,093",N/A,N/A,True,,
Inception,2010,PG-13,16 Jul 2010,148 min,"Action, Adventure, Sci-Fi",Christopher Nolan,Christopher Nolan,"Leonardo DiCaprio, Joseph Gordon-Levitt, Elliot Page","A thief who steals corporate secrets through the use of dream-sharing technology is given the inverse task of planting an idea into the mind of a C.E.O., but his tragic past may doom the project and his team to disaster.","English, Japanese, French","United States, United Kingdom",Won 4 Oscars. 159 wins & 220 nominations total,https://m.media-amazon.com/images/M/MV5BMjAxMzY3NjcxNF5BMl5BanBnXkFtZTcwNTI5OTM0Mw@@._V1_SX300.jpg,"[{'Source': 'Internet Movie Database', 'Value': '8.8/10'}, {'Source': 'Rotten Tomatoes', 'Value': '87%'}, {'Source': 'Metacritic', 'Value': '74/100'}]",74,8.8,"2,517,914",tt1375666,movie,20 Jun 2013,"$292,587,330",N/A,N/A,True,,
,,,,,,,,,,,,,,,,,,,,,,,,False,Movie not found!,
Only Lovers Left Alive,2013,R,25 Dec 2013,123 min,"Comedy, Drama, Fantasy",Jim Jarmusch,"Jim Jarmusch, Marion Bessay","Tilda Swinton, Tom Hiddleston, Mia Wasikowska","A depressed musician reunites with his lover. However, their romance, which has already endured several centuries, is disrupted by the arrival of her uncontrollable younger sister.","English, French, Arabic, Turkish","United Kingdom, Germany, Greece, France",8 wins & 44 nominations,https://m.media-amazon.com/images/M/MV5BMTY0NTQ1NjA0OV5BMl5BanBnXkFtZTgwMDg5NjkzMTE@._V1_SX300.jpg,"[{'Source': 'Internet Movie Database', 'Value': '7.2/10'}, {'Source': 'Rotten Tomatoes', 'Value': '86%'}, {'Source': 'Metacritic', 'Value': '79/100'}]",79,7.2,"106,935",tt1714915,movie,08 Dec 2015,"$1,879,534",N/A,N/A,True,,
Under the Skin,2013,R,18 Apr 2014,108 min,"Drama, Horror, Mystery",Jonathan Glazer,"Walter Campbell, Jonathan Glazer, Michel Faber","Scarlett Johansson, Jeremy McWilliams, Lynsey Taylor Mackay","A mysterious young woman seduces lonely men in the evening hours in Scotland. However, events lead her to begin a process of self-discovery.",English,"United Kingdom, Switzerland, United States",Nominated for 2 BAFTA 23 wins & 111 nominations total,https://m.media-amazon.com/images/M/MV5BMTU1MDEwMDg4Nl5BMl5BanBnXkFtZTgwOTk3NTcxMTE@._V1_SX300.jpg,"[{'Source': 'Internet Movie Database', 'Value': '6.3/10'}, {'Source': 'Rotten Tomatoes', 'Value': '84%'}, {'Source': 'Metacritic', 'Value': '80/100'}]",80,6.3,"155,761",tt1441395,movie,25 Jun 2014,"$2,614,251",N/A,N/A,True,,
A Prophet,2009,R,26 Mar 2010,155 min,"Crime, Drama",Jacques Audiard,"Thomas Bidegain, Jacques Audiard, Abdel Raouf Dafri","Tahar Rahim, Niels Arestrup, Adel Bencherif",A young Algerian man is sent to a French prison.,"French, Arabic, Corsican","France, Italy",Nominated for 1 Oscar. 52 wins & 55 nominations total,https://m.media-amazon.com/images/M/MV5BMTUyMjQ1MTY5OV5BMl5BanBnXkFtZTcwNzY5NjExMw@@._V1_SX300.jpg,"[{'Source': 'Internet Movie Database', 'Value': '7.8/10'}, {'Source': 'Rotten Tomatoes', 'Value': '96%'}, {'Source': 'Metacritic', 'Value': '90/100'}]",90,7.8,"101,729",tt1235166,movie,16 Apr 2012,"$2,087,720",N/A,N/A,True,,
Spring Breakers,2012,R,22 Mar 2013,94 min,"Crime, Drama, Thriller",Harmony Korine,Harmony Korine,"Vanessa Hudgens, Selena Gomez, Ashley Benson","Four college girls hold up a restaurant in order to fund their spring break vacation. While partying, drinking, and taking drugs, they are arrested, only to be bailed out by a drug and arms dealer.",English,"United States, France",14 wins & 34 nominations,https://m.media-amazon.com/images/M/MV5BNDBmYjU3NzAtZGVkNS00N2E3LWEyNTgtMjIwMTczYTE0M2Y4XkEyXkFqcGdeQXVyMTMxODk2OTU@._V1_SX300.jpg,"[{'Source': 'Internet Movie Database', 'Value': '5.3/10'}, {'Source': 'Rotten Tomatoes', 'Value': '68%'}, {'Source': 'Metacritic', 'Value': '63/100'}]",63,5.3,"147,865",tt2101441,movie,18 Aug 2016,"$14,124,284",N/A,N/A,True,,
Melancholia,2011,R,26 May 2011,135 min,"Drama, Sci-Fi",Lars von Trier,Lars von Trier,"Kirsten Dunst, Charlotte Gainsbourg, Kiefer Sutherland",Two sisters find their already strained relationship challenged as a mysterious new planet threatens to collide with Earth.,English,"Denmark, Sweden, France, Germany",35 wins & 95 nominations,https://m.media-amazon.com/images/M/MV5BMTk4NjM0MjI3MV5BMl5BanBnXkFtZTcwNjcxMDYzNg@@._V1_SX300.jpg,"[{'Source': 'Internet Movie Database', 'Value': '7.1/10'}, {'Source': 'Rotten Tomatoes', 'Value': '80%'}, {'Source': 'Metacritic', 'Value': '81/100'}]",81,7.1,"194,177",tt1527186,movie,13 Jan 2015,"$3,030,848",N/A,N/A,True,,
Once Upon a Time in Anatolia,2011,Not Rated,23 Sep 2011,157 min,"Crime, Drama, Thriller",Nuri Bilge Ceylan,"Ebru Ceylan, Nuri Bilge Ceylan, Ercan Kesal","Muhammet Uzuner, Yilmaz Erdogan, Taner Birsel",A group of men set out in search of a dead body in the Anatolian steppes.,Turkish,"Turkey, Bosnia and Herzegovina",21 wins & 33 nominations,https://m.media-amazon.com/images/M/MV5BMzg3OTMyODQ1M15BMl5BanBnXkFtZTcwNjMwMTEwNw@@._V1_SX300.jpg,"[{'Source': 'Internet Movie Database', 'Value': '7.8/10'}, {'Source': 'Rotten Tomatoes', 'Value': '92%'}, {'Source': 'Metacritic', 'Value': '82/100'}]",82,7.8,"49,782",tt1827487,movie,02 Mar 2017,"$152,408",N/A,N/A,True,,
The Royal Tenenbaums,2001,R,04 Jan 2002,110 min,"Comedy, Drama",Wes Anderson,"Wes Anderson, Owen Wilson","Gene Hackman, Gwyneth Paltrow, Anjelica Huston",The eccentric members of a dysfunctional family reluctantly gather under the same roof for various reasons.,"English, Italian",United States,Nominated for 1 Oscar. 11 wins & 46 nominations total,https://m.media-amazon.com/images/M/MV5BYmUzODQ5MGItZTZlNy00MDBhLWIxMmItMjg4Y2QyNDFlMWQ2XkEyXkFqcGdeQXVyMTMxODk2OTU@._V1_SX300.jpg,"[{'Source': 'Internet Movie Database', 'Value': '7.6/10'}, {'Source': 'Rotten Tomatoes', 'Value': '81%'}, {'Source': 'Metacritic', 'Value': '76/100'}]",76,7.6,"311,593",tt0265666,movie,23 Nov 2015,"$52,364,010",N/A,N/A,True,,
Moulin Rouge!,2001,PG-13,01 Jun 2001,127 min,"Drama, Musical, Romance",Baz Luhrmann,"Baz Luhrmann, Craig Pearce","Nicole Kidman, Ewan McGregor, John Leguizamo",A poor Bohemian poet in 1890s Paris falls for a beautiful courtesan and nightclub star coveted by a jealous duke.,"English, French, Spanish","Australia, United States",Won 2 Oscars. 87 wins & 133 nominations total,https://m.media-amazon.com/images/M/MV5BMWFhYjliNjYtYjNhNS00OGExLWFhMjQtNDgwOWYyNWJiYzhmXkEyXkFqcGdeQXVyMTMxODk2OTU@._V1_SX300.jpg,"[{'Source': 'Internet Movie Database', 'Value': '7.6/10'}, {'Source': 'Rotten Tomatoes', 'Value': '75%'}, {'Source': 'Metacritic', 'Value': '66/100'}]",66,7.6,"297,464",tt0203009,movie,25 Nov 2015,"$57,386,607",N/A,N/A,True,,
The Great Beauty,2013,Not Rated,14 Mar 2014,141 min,Drama,Paolo Sorrentino,"Paolo Sorrentino, Umberto Contarello","Toni Servillo, Carlo Verdone, Sabrina Ferilli","Jep Gambardella has seduced his way through the lavish nightlife of Rome for decades, but after his 65th birthday and a shock from the past, Jep looks past the nightclubs and parties to find a timeless landscape of absurd, exquisi...","Italian, Japanese, Spanish, Chinese","Italy, France",Won 1 Oscar. 60 wins & 77 nominations total,https://m.media-amazon.com/images/M/MV5BNjg5NmI3NmUtZDQ2Mi00ZTI0LWE0YzAtOGRhOWJmNDJkOWNkXkEyXkFqcGdeQXVyMzIzNDU1NTY@._V1_SX300.jpg,"[{'Source': 'Internet Movie Database', 'Value': '7.7/10'}, {'Source': 'Rotten Tomatoes', 'Value': '91%'}, {'Source': 'Metacritic', 'Value': '86/100'}]",86,7.7,"96,755",tt2358891,movie,21 May 2015,"$2,852,400",N/A,N/A,True,,
A History of Violence,2005,R,30 Sep 2005,96 min,"Action, Crime, Drama",David Cronenberg,"John Wagner, Vince Locke, Josh Olson","Viggo Mortensen, Maria Bello, Ed Harris","A mild-mannered man becomes a local hero through an act of violence, which sets off repercussions that will shake his family to its very core.",English,"United States, Canada, United Kingdom, Germany",Nominated for 2 Oscars. 37 wins & 84 nominations total,https://m.media-amazon.com/images/M/MV5BMTczMzIzMTQ1OV5BMl5BanBnXkFtZTYwMDQwNjk2._V1_SX300.jpg,"[{'Source': 'Internet Movie Database', 'Value': '7.4/10'}, {'Source': 'Rotten Tomatoes', 'Value': '88%'}, {'Source': 'Metacritic', 'Value': '82/100'}]",82,7.4,"250,832",tt0399146,movie,29 Apr 2010,"$31,504,633",N/A,N/A,True,,
Stories We Tell,2012,PG-13,17 Jan 2013,108 min,Documentary,Sarah Polley,"Sarah Polley, Michael Polley","Michael Polley, John Buchan, Mark Polley",A film that excavates layers of myth and memory to find the elusive truth at the core of a family of storytellers.,English,Canada,25 wins & 44 nominations,https://m.media-amazon.com/images/M/MV5BMTg3MDU2NjI3N15BMl5BanBnXkFtZTcwMjYwMzYyOQ@@._V1_SX300.jpg,"[{'Source': 'Internet Movie Database', 'Value': '7.5/10'}, {'Source': 'Rotten Tomatoes', 'Value': '95%'}, {'Source': 'Metacritic', 'Value': '91/100'}]",91,7.5,"14,049",tt2366450,movie,05 May 2015,"$1,600,145",N/A,N/A,True,,
The Headless Woman,2008,Unrated,21 Aug 2008,87 min,"Drama, Mystery, Thriller",Lucrecia Martel,Lucrecia Martel,"María Onetto, Claudia Cantero, César Bordón","After hitting something with her car, a bourgeois Argentine woman's life slowly descends into paranoia and isolation, as she fears she may have killed someone.",Spanish,"Argentina, France, Italy, Spain",9 wins & 19 nominations,https://m.media-amazon.com/images/M/MV5BZDY5ODcyZDMtOWEwNC00ZGJjLTgwMGItYmNiODM3NTA4MDM1XkEyXkFqcGdeQXVyMTA0MjU0Ng@@._V1_SX300.jpg,"[{'Source': 'Internet Movie Database', 'Value': '6.6/10'}, {'Source': 'Rotten Tomatoes', 'Value': '77%'}, {'Source': 'Metacritic', 'Value': '81/100'}]",81,6.6,"5,652",tt1221141,movie,25 Jan 2017,"$100,177",N/A,N/A,True,,
Carol,2015,R,15 Jan 2016,118 min,"Drama, Romance",Todd Haynes,"Phyllis Nagy, Patricia Highsmith","Cate Blanchett, Rooney Mara, Sarah Paulson",An aspiring photographer develops an intimate relationship with an older woman in 1950s New York.,English,"United Kingdom, United States, Australia",Nominated for 6 Oscars. 75 wins & 254 nominations total,https://m.media-amazon.com/images/M/MV5BMTczNTQ4OTEyNV5BMl5BanBnXkFtZTgwNDgyMDI3NjE@._V1_SX300.jpg,"[{'Source': 'Internet Movie Database', 'Value': '7.2/10'}, {'Source': 'Rotten Tomatoes', 'Value': '94%'}, {'Source': 'Metacritic', 'Value': '94/100'}]",94,7.2,"141,053",tt2402927,movie,08 Nov 2016,"$12,711,491",N/A,N/A,True,,
Ida,2013,PG-13,25 Oct 2013,82 min,Drama,Pawel Pawlikowski,"Pawel Pawlikowski, Rebecca Lenkiewicz","Agata Kulesza, Agata Trzebuchowska, Dawid Ogrodnik",A novice nun about to take her vows uncovers a family secret dating back to the German occupation.,"Polish, Latin, French","Poland, Denmark, France, United Kingdom",Won 1 Oscar. 68 wins & 91 nominations total,https://m.media-amazon.com/images/M/MV5BNjk3NDkzMzMtMGM3MS00YmJkLTkwNmMtZjU5ZWIyNTkzMjJkXkEyXkFqcGdeQXVyMTAwMzUyOTc@._V1_SX300.jpg,"[{'Source': 'Internet Movie Database', 'Value': '7.4/10'}, {'Source': 'Rotten Tomatoes', 'Value': '96%'}, {'Source': 'Metacritic', 'Value': '91/100'}]",91,7.4,"60,377",tt2718492,movie,09 Mar 2015,"$3,827,060",N/A,N/A,True,,
Elephant,2003,R,14 Nov 2003,81 min,"Crime, Drama, Thriller",Gus Van Sant,Gus Van Sant,"Elias McConnell, Alex Frost, Eric Deulen",Several ordinary high school students go through their daily routine as two others prepare for something more malevolent.,"English, German",United States,8 wins & 13 nominations,https://m.media-amazon.com/images/M/MV5BZWRhNDZkMzQtZDQ3Ny00NjdjLWJmZjAtMWQxNDQyZTYzZjU0XkEyXkFqcGdeQXVyMTQxNzMzNDI@._V1_SX300.jpg,"[{'Source': 'Internet Movie Database', 'Value': '7.1/10'}, {'Source': 'Rotten Tomatoes', 'Value': '74%'}, {'Source': 'Metacritic', 'Value': '70/100'}]",70,7.1,"96,741",tt0363589,movie,23 Mar 2017,"$1,266,955",N/A,N/A,True,,
Her,2013,R,10 Jan 2014,126 min,"Drama, Romance, Sci-Fi",Spike Jonze,Spike Jonze,"Joaquin Phoenix, Amy Adams, Scarlett Johansson","In a near future, a lonely writer develops an unlikely relationship with an operating system designed to meet his every need.",English,United States,Won 1 Oscar. 83 wins & 186 nominations total,https://m.media-amazon.com/images/M/MV5BMjA1Nzk0OTM2OF5BMl5BanBnXkFtZTgwNjU2NjEwMDE@._V1_SX300.jpg,"[{'Source': 'Internet Movie Database', 'Value': '8.0/10'}, {'Source': 'Rotten Tomatoes', 'Value': '94%'}, {'Source': 'Metacritic', 'Value': '91/100'}]",91,8.0,"661,995",tt1798709,movie,28 Sep 2015,"$25,568,251",N/A,N/A,True,,
Brooklyn,2015,PG-13,25 Nov 2015,117 min,"Drama, Romance",John Crowley,"Nick Hornby, Colm Tóibín","Saoirse Ronan, Emory Cohen, Domhnall Gleeson","An Irish immigrant lands in 1950s Brooklyn, where she quickly falls into a romance with a local. When her past catches up with her, however, she must choose between two countries and the lives that exist within.","English, Latin, Irish Gaelic","United Kingdom, Canada, Ireland",Nominated for 3 Oscars. 38 wins & 161 nominations total,https://m.media-amazon.com/images/M/MV5BMzE4MDk5NzEyOV5BMl5BanBnXkFtZTgwNDM4NDA3NjE@._V1_SX300.jpg,"[{'Source': 'Internet Movie Database', 'Value': '7.5/10'}, {'Source': 'Rotten Tomatoes', 'Value': '97%'}, {'Source': 'Metacritic', 'Value': '88/100'}]",88,7.5,"148,874",tt2381111,movie,23 Feb 2016,"$38,322,743",N/A,N/A,True,,
Tropical Malady,2004,Not Rated,24 Nov 2004,118 min,"Drama, Fantasy, Romance",Apichatpong Weerasethakul,Apichatpong Weerasethakul,"Banlop Lomnoi, Sakda Kaewbuadee, Huai Dessom","A romance between a soldier and a country boy, wrapped around a Thai folk-tale involving a shaman with shape-shifting abilities.",Thai,"Thailand, France, Germany, Italy",7 wins & 8 nominations,https://m.media-amazon.com/images/M/MV5BNGJmY2Y4MjQtNWRkYi00NTk3LTg4Y2EtODA5ZjlhYTc3N2Q2XkEyXkFqcGdeQXVyNDUxOTgzMTk@._V1_SX300.jpg,"[{'Source': 'Internet Movie Database', 'Value': '7.1/10'}, {'Source': 'Rotten Tomatoes', 'Value': '80%'}, {'Source': 'Metacritic', 'Value': '81/100'}]",81,7.1,"6,251",tt0381668,movie,N/A,"$46,750",N/A,N/A,True,,
Toni Erdmann,2016,R,25 Dec 2016,162 min,"Comedy, Drama",Maren Ade,Maren Ade,"Sandra Hüller, Peter Simonischek, Michael Wittenborn",A practical joking father tries to reconnect with his hard working daughter by creating an outrageous alter ego and posing as her CEO's life coach.,"French, German, English, Romanian","Germany, Austria, Monaco, Romania, France, Switzerland",Nominated for 1 Oscar. 59 wins & 84 nominations total,https://m.media-amazon.com/images/M/MV5BODljM2M4NDItZjZkZi00MTZkLTljMjEtMWE1NGU5NDJjMGVhL2ltYWdlL2ltYWdlXkEyXkFqcGdeQXVyMTMxODk2OTU@._V1_SX300.jpg,"[{'Source': 'Internet Movie Database', 'Value': '7.3/10'}, {'Source': 'Rotten Tomatoes', 'Value': '93%'}, {'Source': 'Metacritic', 'Value': '93/100'}]",93,7.3,"51,252",tt4048272,movie,11 Apr 2017,"$1,479,387",N/A,N/A,True,,
The Hurt Locker,2008,R,31 Jul 2009,131 min,"Drama, Thriller, War",Kathryn Bigelow,Mark Boal,"Jeremy Renner, Anthony Mackie, Brian Geraghty","During the Iraq War, a Sergeant recently assigned to an army bomb squad is put at odds with his squad mates due to his maverick way of handling his work.","English, Arabic",United States,Won 6 Oscars. 125 wins & 130 nominations total,https://m.media-amazon.com/images/M/MV5BYWYxZjU2MmQtMmMzYi00ZWUwLTg2ZWQtMDExZTVlYjM3ZWM1XkEyXkFqcGdeQXVyNzkwMjQ5NzM@._V1_SX300.jpg,"[{'Source': 'Internet Movie Database', 'Value': '7.5/10'}, {'Source': 'Rotten Tomatoes', 'Value': '97%'}, {'Source': 'Metacritic', 'Value': '95/100'}]",95,7.5,"470,421",tt0887912,movie,24 Sep 2014,"$17,017,811",N/A,N/A,True,,
Goodbye to Language,2014,Not Rated,28 May 2014,70 min,"Drama, Fantasy",Jean-Luc Godard,Jean-Luc Godard,"Héloïse Godet, Kamel Abdelli, Richard Chevallier","A silent, surreal parallel between a couple and a dog.","French, English, German","Switzerland, France",3 wins & 19 nominations,https://m.media-amazon.com/images/M/MV5BZDJjMTQ1N2YtN2IxMi00OTliLWI2MDMtM2Q4YzZhMDJjYmU4L2ltYWdlXkEyXkFqcGdeQXVyNzIwNjc5NzA@._V1_SX300.jpg,"[{'Source': 'Internet Movie Database', 'Value': '5.8/10'}, {'Source': 'Rotten Tomatoes', 'Value': '89%'}, {'Source': 'Metacritic', 'Value': '75/100'}]",75,5.8,"6,258",tt2400275,movie,08 Feb 2017,"$401,889",N/A,N/A,True,,
The Turin Horse,2011,Not Rated,31 Mar 2011,155 min,Drama,"Béla Tarr, Ágnes Hranitzky","László Krasznahorkai, Béla Tarr","János Derzsi, Erika Bók, Mihály Kormos",A rural farmer is forced to confront the mortality of his faithful horse.,"Hungarian, German","Hungary, France, Germany, Switzerland",7 wins & 15 nominations,https://m.media-amazon.com/images/M/MV5BMTMyNzg1MzM2Ml5BMl5BanBnXkFtZTcwMzQ5NjcxNw@@._V1_SX300.jpg,"[{'Source': 'Internet Movie Database', 'Value': '7.7/10'}, {'Source': 'Rotten Tomatoes', 'Value': '89%'}, {'Source': 'Metacritic', 'Value': '80/100'}]",80,7.7,"19,199",tt1316540,movie,23 Mar 2017,"$56,391",N/A,N/A,True,,
Far from Heaven,2002,PG-13,10 Jan 2003,107 min,"Drama, Romance",Todd Haynes,Todd Haynes,"Julianne Moore, Dennis Quaid, Dennis Haysbert","In 1950s Connecticut, a flustered housewife faces a marital crisis and mounting racial tensions in the outside world.",English,"United States, France",Nominated for 4 Oscars. 102 wins & 96 nominations total,https://m.media-amazon.com/images/M/MV5BMTE5ODI3MTM4OV5BMl5BanBnXkFtZTYwNjE5OTg2._V1_SX300.jpg,"[{'Source': 'Internet Movie Database', 'Value': '7.3/10'}, {'Source': 'Rotten Tomatoes', 'Value': '87%'}, {'Source': 'Metacritic', 'Value': '84/100'}]",84,7.3,"49,054",tt0297884,movie,12 Feb 2014,"$15,901,849",N/A,N/A,True,,
35 Shots of Rum,2008,Unrated,18 Feb 2009,100 min,Drama,Claire Denis,"Claire Denis, Jean-Pol Fargeau","Alex Descas, Mati Diop, Nicole Dogué",The relationship between a father and daughter is complicated by the arrival of a handsome young man.,"French, German","France, Germany",2 wins & 16 nominations,https://m.media-amazon.com/images/M/MV5BZDM4OGFlZGEtNTQyNy00NDFhLTk3OGEtZWVmNmFmNTNhNDJkXkEyXkFqcGdeQXVyNDkzNTM2ODg@._V1_SX300.jpg,"[{'Source': 'Internet Movie Database', 'Value': '7.1/10'}, {'Source': 'Rotten Tomatoes', 'Value': '97%'}, {'Source': 'Metacritic', 'Value': '92/100'}]",92,7.1,"5,206",tt1100048,movie,17 Apr 2020,"$177,511",N/A,N/A,True,,
Selma,2014,PG-13,09 Jan 2015,128 min,"Biography, Drama, History",Ava DuVernay,Paul Webb,"David Oyelowo, Carmen Ejogo, Oprah Winfrey","A chronicle of Dr. Martin Luther King, Jr.'s campaign to secure equal voting rights via an epic march from Selma to Montgomery, Alabama, in 1965.","English, Portuguese","United Kingdom, France, United States",Won 1 Oscar. 58 wins & 91 nominations total,https://m.media-amazon.com/images/M/MV5BZGZkNzFkYTgtYTBkZC00M2MzLWJhNzUtMGE4YzRhYmU2Zjg0XkEyXkFqcGdeQXVyMTQxNzMzNDI@._V1_SX300.jpg,"[{'Source': 'Internet Movie Database', 'Value': '7.5/10'}, {'Source': 'Rotten Tomatoes', 'Value': '99%'}, {'Source': 'Metacritic', 'Value': '79/100'}]",79,7.5,"95,057",tt1020072,movie,24 May 2016,"$52,076,908",N/A,N/A,True,,
Moonrise Kingdom,2012,PG-13,29 Jun 2012,94 min,"Adventure, Comedy, Drama",Wes Anderson,"Wes Anderson, Roman Coppola","Jared Gilman, Kara Hayward, Bruce Willis","Two 12-year-olds, who live on an island, fall in love with each other and elope into the wilderness. While people set out on a search mission, a violent storm approaching them catches their attention.",English,United States,Nominated for 1 Oscar. 36 wins & 122 nominations total,https://m.media-amazon.com/images/M/MV5BMTEwMTc3NDkzOTJeQTJeQWpwZ15BbWU3MDI4NTAwNzc@._V1_SX300.jpg,"[{'Source': 'Internet Movie Database', 'Value': '7.8/10'}, {'Source': 'Rotten Tomatoes', 'Value': '93%'}, {'Source': 'Metacritic', 'Value': '84/100'}]",84,7.8,"365,064",tt1748122,movie,10 Dec 2015,"$45,512,466",N/A,N/A,True,,
The Return,2003,Not Rated,25 Jun 2003,110 min,Drama,Andrey Zvyagintsev,"Vladimir Moiseenko, Aleksandr Novototskiy-Vlasov","Vladimir Garin, Ivan Dobronravov, Konstantin Lavronenko","In the Russian wilderness, two brothers face a range of new, conflicting emotions when their father - a man they know only through a single photograph - resurfaces.",Russian,Russia,33 wins & 19 nominations,https://m.media-amazon.com/images/M/MV5BODI1YTAzZmQtYjg5Ny00ODc1LTgxYTEtOWRlYmYzNzAwMDY5XkEyXkFqcGdeQXVyNzMzMjU5NDY@._V1_SX300.jpg,"[{'Source': 'Internet Movie Database', 'Value': '7.9/10'}, {'Source': 'Metacritic', 'Value': '82/100'}]",82,7.9,"47,225",tt0376968,movie,29 Jun 2020,"$504,256",N/A,N/A,True,,
The Diving Bell and the Butterfly,2007,PG-13,01 Feb 2008,112 min,"Biography, Drama",Julian Schnabel,"Ronald Harwood, Jean-Dominique Bauby","Mathieu Amalric, Emmanuelle Seigner, Marie-Josée Croze",The true story of Elle editor Jean-Dominique Bauby who suffers a stroke and has to live with an almost totally paralyzed body; only his left eye isn't paralyzed.,French,"France, United States",Nominated for 4 Oscars. 68 wins & 106 nominations total,https://m.media-amazon.com/images/M/MV5BMTc3MjkzMDkxN15BMl5BanBnXkFtZTcwODAyMTU1MQ@@._V1_SX300.jpg,"[{'Source': 'Internet Movie Database', 'Value': '8.0/10'}, {'Source': 'Rotten Tomatoes', 'Value': '94%'}, {'Source': 'Metacritic', 'Value': '92/100'}]",92,8.0,"110,019",tt0401383,movie,21 Apr 2016,"$6,003,227",N/A,N/A,True,,
Zero Dark Thirty,2012,R,11 Jan 2013,157 min,"Drama, History, Thriller",Kathryn Bigelow,Mark Boal,"Jessica Chastain, Joel Edgerton, Chris Pratt","A chronicle of the decade-long hunt for al-Qaeda terrorist leader Osama bin Laden after the September 2001 attacks, and his death at the hands of the Navy S.E.A.L.s Team 6 in May 2011.","English, Arabic, Urdu, Pashtu, French","United States, India",Won 1 Oscar. 85 wins & 174 nominations total,https://m.media-amazon.com/images/M/MV5BMTQ4OTUyNzcwN15BMl5BanBnXkFtZTcwMTQ1NDE3OA@@._V1_SX300.jpg,"[{'Source': 'Internet Movie Database', 'Value': '7.4/10'}, {'Source': 'Rotten Tomatoes', 'Value': '91%'}, {'Source': 'Metacritic', 'Value': '95/100'}]",95,7.4,"316,677",tt1790885,movie,07 Sep 2014,"$95,720,716",N/A,N/A,True,,
Femme Fatale,2002,R,06 Nov 2002,114 min,"Crime, Drama, Mystery",Brian De Palma,Brian De Palma,"Rebecca Romijn, Antonio Banderas, Peter Coyote","A woman tries to straighten out her life, even as her past as a con-woman comes back to haunt her.","English, French, Spanish","France, Switzerland, United States",2 wins & 4 nominations,https://m.media-amazon.com/images/M/MV5BMGM5NWVhYTMtZjg5Zi00ODVkLWFmM2ItMDZkMTA5NGQzMDQxXkEyXkFqcGdeQXVyMTQxNzMzNDI@._V1_SX300.jpg,"[{'Source': 'Internet Movie Database', 'Value': '6.2/10'}, {'Source': 'Rotten Tomatoes', 'Value': '49%'}, {'Source': 'Metacritic', 'Value': '60/100'}]",60,6.2,"37,428",tt0280665,movie,01 Aug 2009,"$6,630,252",N/A,N/A,True,,
Moolaadé,2003,Unrated,09 Mar 2005,124 min,Drama,Ousmane Sembene,Ousmane Sembene,"Fatoumata Coulibaly, Maimouna Hélène Diarra, Salimata Traoré","When a woman shelters a group of girls from suffering female genital mutilation, she starts a conflict that tears her village apart.","Bambara, French","Senegal, Burkina Faso, Morocco, Tunisia, Cameroon, France",6 wins & 10 nominations,https://m.media-amazon.com/images/M/MV5BMTYyODQ2OTExMl5BMl5BanBnXkFtZTcwMDE1MjE2MQ@@._V1_SX300.jpg,"[{'Source': 'Internet Movie Database', 'Value': '7.6/10'}, {'Source': 'Rotten Tomatoes', 'Value': '99%'}, {'Source': 'Metacritic', 'Value': '91/100'}]",91,7.6,"4,117",tt0416991,movie,N/A,"$215,646",N/A,N/A,True,,
The Assassin,2015,Not Rated,27 Aug 2015,105 min,"Action, Drama, History",Hsiao-Hsien Hou,"Cheng Ah, T'ien-wen Chu, Hsiao-Hsien Hou","Shu Qi, Chang Chen, Yun Zhou",A female assassin receives a dangerous mission to kill a political leader in eighth-century China.,Mandarin,"Taiwan, Hong Kong, China",Nominated for 1 BAFTA Award36 wins & 75 nominations total,https://m.media-amazon.com/images/M/MV5BNTczMTk3MjMyOV5BMl5BanBnXkFtZTgwMjA2Mjk4NjE@._V1_SX300.jpg,"[{'Source': 'Internet Movie Database', 'Value': '6.3/10'}, {'Source': 'Rotten Tomatoes', 'Value': '80%'}, {'Source': 'Metacritic', 'Value': '82/100'}]",82,6.3,"17,832",tt3508840,movie,26 Jan 2016,"$632,542",N/A,N/A,True,,
,,,,,,,,,,,,,,,,,,,,,,,,False,Movie not found!,
Syndromes and a Century,2006,N/A,13 Jun 2007,105 min,Drama,Apichatpong Weerasethakul,Apichatpong Weerasethakul,"Nantarat Sawaddikul, Jaruchai Iamaram, Sophon Pukanok","Story about director Apichatpong Weerasethakul's parents, who were both doctors, and the director's memories about growing up in the hospital environment.",Thai,"Thailand, France, Austria",3 wins & 13 nominations,https://m.media-amazon.com/images/M/MV5BMGZiODBkZTUtMGYwMS00MGYyLWE4YzMtODEyMzc5OTU5MGQ4XkEyXkFqcGdeQXVyNzMzMjU5NDY@._V1_SX300.jpg,"[{'Source': 'Internet Movie Database', 'Value': '7.3/10'}, {'Source': 'Rotten Tomatoes', 'Value': '89%'}, {'Source': 'Metacritic', 'Value': '71/100'}]",71,7.3,"4,549",tt0477731,movie,N/A,"$16,675",N/A,N/A,True,,
Fish Tank,2009,Not Rated,11 Sep 2009,123 min,Drama,Andrea Arnold,Andrea Arnold,"Katie Jarvis, Michael Fassbender, Kierston Wareing",Everything changes for 15-year-old Mia when her mum brings home a new boyfriend.,English,"United Kingdom, Netherlands",Won 1 BAFTA Award21 wins & 30 nominations total,https://m.media-amazon.com/images/M/MV5BMTc1NTk4MzkxOF5BMl5BanBnXkFtZTcwNDkxMDAxMw@@._V1_SX300.jpg,"[{'Source': 'Internet Movie Database', 'Value': '7.3/10'}, {'Source': 'Rotten Tomatoes', 'Value': '91%'}, {'Source': 'Metacritic', 'Value': '81/100'}]",81,7.3,"64,833",tt1232776,movie,17 Feb 2017,"$374,675",N/A,N/A,True,,
Birdman,1967–1987,TV-G,09 Sep 1967,30 min,"Animation, Action, Adventure",N/A,N/A,"Keith Andes, Don Messick, John Stephenson",A winged superhero who gets his powers from the sun battles various evildoers with the help of his eagle sidekick Avenger.,English,United States,N/A,https://m.media-amazon.com/images/M/MV5BZTk3NjA1M2EtYTQ2Ny00ZTlmLThjMTQtYzhiY2I1ODM0MzdlXkEyXkFqcGdeQXVyNjExODE1MDc@._V1_SX300.jpg,"[{'Source': 'Internet Movie Database', 'Value': '6.7/10'}]",N/A,6.7,"1,071",tt0061237,series,,,,,True,,1
The Son,2022,PG-13,20 Jan 2023,123 min,Drama,Florian Zeller,"Florian Zeller, Christopher Hampton","Vanessa Kirby, Hugh Jackman, Laura Dern","Peter has his busy life with new partner Beth and their baby thrown into disarray when his ex-wife Kate turns up with their teenage son, Nicholas.",English,"United Kingdom, France",1 win & 11 nominations,https://m.media-amazon.com/images/M/MV5BNDZiY2Y0MTgtYjRjMS00ZTE0LTg3NzYtY2VlYzEwYjI2NWY5XkEyXkFqcGdeQXVyMTQyODg5MjQw._V1_SX300.jpg,"[{'Source': 'Internet Movie Database', 'Value': '6.4/10'}, {'Source': 'Rotten Tomatoes', 'Value': '29%'}, {'Source': 'Metacritic', 'Value': '45/100'}]",45,6.4,"15,109",tt14458442,movie,28 Mar 2023,"$449,650",N/A,N/A,True,,
Amélie,2001,R,08 Feb 2002,122 min,"Comedy, Romance",Jean-Pierre Jeunet,"Guillaume Laurant, Jean-Pierre Jeunet","Audrey Tautou, Mathieu Kassovitz, Rufus","Despite being caught in her imaginative world, Amelie, a young waitress, decides to help people find happiness. Her quest to spread joy leads her on a journey where she finds true love.","French, Russian, English","France, Germany",Nominated for 5 Oscars. 59 wins & 74 nominations total,https://m.media-amazon.com/images/M/MV5BNDg4NjM1YjMtYmNhZC00MjM0LWFiZmYtNGY1YjA3MzZmODc5XkEyXkFqcGdeQXVyNDk3NzU2MTQ@._V1_SX300.jpg,"[{'Source': 'Internet Movie Database', 'Value': '8.3/10'}, {'Source': 'Rotten Tomatoes', 'Value': '89%'}, {'Source': 'Metacritic', 'Value': '69/100'}]",69,8.3,"788,783",tt0211915,movie,21 Apr 2016,"$33,225,499",N/A,N/A,True,,
Dogville,2003,R,23 Apr 2004,178 min,"Crime, Drama",Lars von Trier,Lars von Trier,"Nicole Kidman, Paul Bettany, Lauren Bacall","A woman on the run from the mob is reluctantly accepted in a small Colorado community in exchange for labor, but when a search visits the town she finds out that their support has a price.","English, French","Denmark, Netherlands, Sweden, Germany, United Kingdom, France, Finland, Norway, Italy",21 wins & 33 nominations,https://m.media-amazon.com/images/M/MV5BMTkwNTg2MTI1NF5BMl5BanBnXkFtZTcwMDM1MzUyMQ@@._V1_SX300.jpg,"[{'Source': 'Internet Movie Database', 'Value': '8.0/10'}, {'Source': 'Rotten Tomatoes', 'Value': '70%'}, {'Source': 'Metacritic', 'Value': '61/100'}]",61,8.0,"157,760",tt0276919,movie,01 Jun 2007,"$1,535,286",N/A,N/A,True,,
Before Sunset,2004,R,30 Jul 2004,80 min,"Drama, Romance",Richard Linklater,"Richard Linklater, Julie Delpy, Ethan Hawke","Ethan Hawke, Julie Delpy, Vernon Dobtcheff","Nine years after Jesse and Celine first met, they encounter each other again on the French leg of Jesse's book tour.","English, French","France, United States",Nominated for 1 Oscar. 9 wins & 32 nominations total,https://m.media-amazon.com/images/M/MV5BMTQ1MjAwNTM5Ml5BMl5BanBnXkFtZTYwNDM0MTc3._V1_SX300.jpg,"[{'Source': 'Internet Movie Database', 'Value': '8.1/10'}, {'Source': 'Rotten Tomatoes', 'Value': '94%'}, {'Source': 'Metacritic', 'Value': '91/100'}]",91,8.1,"284,687",tt0381681,movie,03 Oct 2008,"$5,820,649",N/A,N/A,True,,
Kill Bill: Vol. 1,2003,R,10 Oct 2003,111 min,"Action, Crime, Thriller",Quentin Tarantino,"Quentin Tarantino, Uma Thurman","Uma Thurman, David Carradine, Daryl Hannah","After awakening from a four-year coma, a former assassin wreaks vengeance on the team of assassins who betrayed her.","English, Japanese, French",United States,Nominated for 5 BAFTA 30 wins & 103 nominations total,https://m.media-amazon.com/images/M/MV5BNzM3NDFhYTAtYmU5Mi00NGRmLTljYjgtMDkyODQ4MjNkMGY2XkEyXkFqcGdeQXVyNzkwMjQ5NzM@._V1_SX300.jpg,"[{'Source': 'Internet Movie Database', 'Value': '8.2/10'}, {'Source': 'Rotten Tomatoes', 'Value': '85%'}, {'Source': 'Metacritic', 'Value': '69/100'}]",69,8.2,"1,182,518",tt0266697,movie,21 Apr 2016,"$70,099,045",N/A,N/A,True,,
Ten,2002,Not Rated,18 Sep 2002,94 min,Drama,Abbas Kiarostami,Abbas Kiarostami,"Mania Akbari, Amina Maher, Kamran Adl",A visual social examination in the form of ten conversations between a driving woman and her various pick-ups and hitchhikers.,Persian,"Iran, France, United States",1 win & 4 nominations,https://m.media-amazon.com/images/M/MV5BNmUxMjQxNWEtNGU2MS00ODNhLTlmNTEtM2UyYjA3ZmMzNGFmXkEyXkFqcGdeQXVyMjgyOTI1ODY@._V1_SX300.jpg,"[{'Source': 'Internet Movie Database', 'Value': '7.4/10'}, {'Source': 'Rotten Tomatoes', 'Value': '85%'}, {'Source': 'Metacritic', 'Value': '86/100'}]",86,7.4,"8,467",tt0301978,movie,14 Oct 2016,"$105,990",N/A,N/A,True,,
The Look of Silence,2014,PG-13,17 Jul 2015,103 min,"Documentary, Biography, History",Joshua Oppenheimer,N/A,"Adi Rukun, M.Y. Basrun, Volker Hanisch",A family that survived the genocide in Indonesia confronts the men who killed one of their brothers.,Indonesian,"Denmark, Indonesia, Finland, Norway, United Kingdom, Israel, France, United States, Germany, Netherlands",Nominated for 1 Oscar. 48 wins & 45 nominations total,https://m.media-amazon.com/images/M/MV5BOTMwMjI4MjQ3MF5BMl5BanBnXkFtZTgwMjkwOTM2NTE@._V1_SX300.jpg,"[{'Source': 'Internet Movie Database', 'Value': '8.3/10'}, {'Source': 'Rotten Tomatoes', 'Value': '96%'}, {'Source': 'Metacritic', 'Value': '92/100'}]",92,8.3,"13,747",tt3521134,movie,04 Mar 2016,"$109,089",N/A,N/A,True,,
Spotlight,2015,R,20 Nov 2015,129 min,"Biography, Crime, Drama",Tom McCarthy,"Josh Singer, Tom McCarthy","Mark Ruffalo, Michael Keaton, Rachel McAdams","The true story of how the Boston Globe uncovered the massive scandal of child molestation and cover-up within the local Catholic Archdiocese, shaking the entire Catholic Church to its core.",English,United States,Won 2 Oscars. 124 wins & 144 nominations total,https://m.media-amazon.com/images/M/MV5BMjIyOTM5OTIzNV5BMl5BanBnXkFtZTgwMDkzODE2NjE@._V1_SX300.jpg,"[{'Source': 'Internet Movie Database', 'Value': '8.1/10'}, {'Source': 'Rotten Tomatoes', 'Value': '97%'}, {'Source': 'Metacritic', 'Value': '93/100'}]",93,8.1,"497,265",tt1895587,movie,02 Feb 2016,"$45,055,776",N/A,N/A,True,,
Weekend,2011,Not Rated,04 Nov 2011,97 min,"Drama, Romance",Andrew Haigh,Andrew Haigh,"Tom Cullen, Chris New, Jonathan Race","After a drunken house party with his straight mates, Russell heads out to a gay club. Just before closing time he picks up Glen but what's expected to be just a one-night stand becomes something else, something special.",English,United Kingdom,24 wins & 23 nominations,https://m.media-amazon.com/images/M/MV5BNDE3MDQzNDA3Nl5BMl5BanBnXkFtZTcwMjk3NTU4Ng@@._V1_SX300.jpg,"[{'Source': 'Internet Movie Database', 'Value': '7.6/10'}, {'Source': 'Rotten Tomatoes', 'Value': '95%'}, {'Source': 'Metacritic', 'Value': '81/100'}]",81,7.6,"32,382",tt1714210,movie,27 Sep 2016,"$484,592",N/A,N/A,True,,
Grizzly Man,2005,R,30 Sep 2005,103 min,"Documentary, Biography",Werner Herzog,Werner Herzog,"Timothy Treadwell, Amie Huguenard, Werner Herzog","A devastating and heart-rending take on grizzly bear activists Timothy Treadwell and Amie Huguenard, who were killed in October of 2003 while living among grizzly bears in Alaska.",English,United States,22 wins & 17 nominations,https://m.media-amazon.com/images/M/MV5BODc3NTAxMTY1MV5BMl5BanBnXkFtZTcwOTE4NjUzMw@@._V1_SX300.jpg,"[{'Source': 'Internet Movie Database', 'Value': '7.8/10'}, {'Source': 'Rotten Tomatoes', 'Value': '92%'}, {'Source': 'Metacritic', 'Value': '87/100'}]",87,7.8,"61,199",tt0427312,movie,01 Apr 2012,"$3,178,403",N/A,N/A,True,,
Fruitvale Station,2013,R,26 Jul 2013,85 min,"Biography, Crime, Drama",Ryan Coogler,Ryan Coogler,"Michael B. Jordan, Melonie Diaz, Octavia Spencer","The story of Oscar Grant III, a 22-year-old Bay Area resident, who crosses paths with friends, enemies, family, and strangers on the last day of 2008.","English, Spanish",United States,36 wins & 57 nominations,https://m.media-amazon.com/images/M/MV5BMTQ0OTU1MDkxMF5BMl5BanBnXkFtZTcwNjI5OTA3OQ@@._V1_SX300.jpg,"[{'Source': 'Internet Movie Database', 'Value': '7.5/10'}, {'Source': 'Rotten Tomatoes', 'Value': '94%'}, {'Source': 'Metacritic', 'Value': '85/100'}]",85,7.5,"85,310",tt2334649,movie,16 Dec 2016,"$16,101,339",N/A,N/A,True,,
A.I. Artificial Intelligence,2001,PG-13,29 Jun 2001,146 min,"Drama, Sci-Fi",Steven Spielberg,"Brian Aldiss, Ian Watson, Steven Spielberg","Haley Joel Osment, Jude Law, Frances O'Connor","A highly advanced robotic boy longs to become ""real"" so that he can regain the love of his human mother.",English,"United States, United Kingdom",Nominated for 2 Oscars. 17 wins & 71 nominations total,https://m.media-amazon.com/images/M/MV5BNWU2NzEyMDYtM2MyOS00OGM3LWFkNzAtMzRiNzE2ZjU5ZTljXkEyXkFqcGdeQXVyNjU0OTQ0OTY@._V1_SX300.jpg,"[{'Source': 'Internet Movie Database', 'Value': '7.2/10'}, {'Source': 'Rotten Tomatoes', 'Value': '76%'}, {'Source': 'Metacritic', 'Value': '65/100'}]",65,7.2,"321,071",tt0212720,movie,26 May 2016,"$78,616,689",N/A,N/A,True,,
Almost Famous,2000,R,22 Sep 2000,122 min,"Adventure, Comedy, Drama",Cameron Crowe,Cameron Crowe,"Billy Crudup, Patrick Fugit, Kate Hudson",A high-school boy in the early 1970s is given the chance to write a story for Rolling Stone magazine about an up-and-coming rock band as he accompanies them on their concert tour.,"English, French",United States,Won 1 Oscar. 54 wins & 103 nominations total,https://m.media-amazon.com/images/M/MV5BYmZjZDUxYjgtZDY4Yi00MTY1LWE3ZTctOTIyNDA3ZGY5ZDZjXkEyXkFqcGdeQXVyMTUyNjc3NDQ4._V1_SX300.jpg,"[{'Source': 'Internet Movie Database', 'Value': '7.9/10'}, {'Source': 'Rotten Tomatoes', 'Value': '89%'}, {'Source': 'Metacritic', 'Value': '90/100'}]",90,7.9,"291,310",tt0181875,movie,01 Aug 2013,"$32,534,850",N/A,N/A,True,,
The Artist,2011,PG-13,20 Jan 2012,100 min,"Comedy, Drama, Romance",Michel Hazanavicius,Michel Hazanavicius,"Jean Dujardin, Bérénice Bejo, John Goodman","When George, a silent movie superstar, meets Peppy Miller, a dancer, sparks fly between the two. However, after the introduction of talking pictures, their fortunes change, affecting their dynamic.","English, French","France, Belgium, United States",Won 5 Oscars. 162 wins & 204 nominations total,https://m.media-amazon.com/images/M/MV5BNzYxMjBkNzAtY2M2YS00YjRhLTgzOTYtY2FiOGM2OTBlZjdiXkEyXkFqcGdeQXVyMTU3NDU4MDg2._V1_SX300.jpg,"[{'Source': 'Internet Movie Database', 'Value': '7.9/10'}, {'Source': 'Rotten Tomatoes', 'Value': '95%'}, {'Source': 'Metacritic', 'Value': '89/100'}]",89,7.9,"247,728",tt1655442,movie,04 Feb 2014,"$44,671,682",N/A,N/A,True,,
Nostalgia for the Light,2010,Not Rated,17 Mar 2011,90 min,Documentary,Patricio Guzmán,Patricio Guzmán,"Gaspar Galaz, Lautaro Núñez, Luís Henríquez","A documentary about two different searches conducted in the Chilean Atacama Desert: one by astronomers looking for answers about the history of the cosmos, and one by women looking for the remains of loved ones killed by Pinochet'...","Spanish, English","France, Germany, Chile, Spain",9 wins & 20 nominations,https://m.media-amazon.com/images/M/MV5BYWRmNDljNzctOGM2ZC00MTk3LWE5ZGQtMjM4MjNjMDhkNzNjXkEyXkFqcGdeQXVyMTU3NDU4MDg2._V1_SX300.jpg,"[{'Source': 'Internet Movie Database', 'Value': '7.6/10'}, {'Source': 'Rotten Tomatoes', 'Value': '100%'}, {'Source': 'Metacritic', 'Value': '91/100'}]",91,7.6,"6,027",tt1556190,movie,10 May 2016,"$163,962",N/A,N/A,True,,
A Touch of Sin,2013,Not Rated,11 Dec 2013,130 min,"Crime, Drama",Zhangke Jia,"Zhangke Jia, Jia Zhangke","Wu Jiang, Baoqiang Wang, Tao Zhao",Four independent stories set in modern China about random acts of violence.,"Mandarin, Cantonese, English","China, Japan, France",18 wins & 12 nominations,https://m.media-amazon.com/images/M/MV5BZDdlZDIxYzAtOTEyNy00ZTJlLTkwMDMtYjMyNWJiM2JkNWIwXkEyXkFqcGdeQXVyMzY2MDk0MTk@._V1_SX300.jpg,"[{'Source': 'Internet Movie Database', 'Value': '7.1/10'}, {'Source': 'Rotten Tomatoes', 'Value': '94%'}, {'Source': 'Metacritic', 'Value': '77/100'}]",77,7.1,"12,707",tt2852400,movie,09 Apr 2015,"$154,120",N/A,N/A,True,,
Secret Sunshine,2007,Not Rated,22 Dec 2010,142 min,Drama,Lee Chang-dong,"Lee Chang-dong, Chung-Joon Lee","Jeon Do-yeon, Song Kang-ho, Lee Dong-yong","A woman moves to the town where her dead husband was born. As she tries to fit in, another tragic event overturns her life.",Korean,South Korea,24 wins & 14 nominations,https://m.media-amazon.com/images/M/MV5BMjAzMDE5MDM5OV5BMl5BanBnXkFtZTgwMDE1NzE1MjE@._V1_SX300.jpg,"[{'Source': 'Internet Movie Database', 'Value': '7.5/10'}, {'Source': 'Rotten Tomatoes', 'Value': '94%'}, {'Source': 'Metacritic', 'Value': '84/100'}]",84,7.5,"9,430",tt0817225,movie,10 Apr 2017,N/A,N/A,N/A,True,,
Ratatouille,2007,G,27 Jun 2007,111 min,"Animation, Adventure, Comedy","Brad Bird, Jan Pinkava","Brad Bird, Jan Pinkava, Jim Capobianco","Brad Garrett, Lou Romano, Patton Oswalt",A rat who can cook makes an unusual alliance with a young kitchen worker at a famous Paris restaurant.,"English, Russian, French",United States,Won 1 Oscar. 68 wins & 42 nominations total,https://m.media-amazon.com/images/M/MV5BMTMzODU0NTkxMF5BMl5BanBnXkFtZTcwMjQ4MzMzMw@@._V1_SX300.jpg,"[{'Source': 'Internet Movie Database', 'Value': '8.1/10'}, {'Source': 'Rotten Tomatoes', 'Value': '96%'}, {'Source': 'Metacritic', 'Value': '96/100'}]",96,8.1,"810,997",tt0382932,movie,01 Jan 2014,"$206,445,654",N/A,N/A,True,,
Inherent Vice,2014,R,09 Jan 2015,148 min,"Comedy, Crime, Drama",Paul Thomas Anderson,"Paul Thomas Anderson, Thomas Pynchon","Joaquin Phoenix, Josh Brolin, Owen Wilson","In 1970, drug-fueled Los Angeles private investigator Larry ""Doc"" Sportello investigates the disappearance of a former girlfriend.","English, Japanese",United States,Nominated for 2 Oscars. 15 wins & 98 nominations total,https://m.media-amazon.com/images/M/MV5BOTVhMjA0OWEtNzY4MS00YWY0LThlOWYtOWNkYjUwMzE5NDYwXkEyXkFqcGdeQXVyODE5NzE3OTE@._V1_SX300.jpg,"[{'Source': 'Internet Movie Database', 'Value': '6.6/10'}, {'Source': 'Rotten Tomatoes', 'Value': '74%'}, {'Source': 'Metacritic', 'Value': '81/100'}]",81,6.6,"109,882",tt1791528,movie,17 Feb 2015,"$8,110,975",N/A,N/A,True,,
Russian Ark,2002,Not Rated,19 Apr 2003,99 min,"Drama, Fantasy, History",Aleksandr Sokurov,"Boris Khaimsky, Anatoli Nikiforov, Svetlana Proskurina","Sergey Dreyden, Mariya Kuznetsova, Leonid Mozgovoy","A 19th century French aristocrat, notorious for his scathing memoirs about life in Russia, travels through the Russian State Hermitage Museum and encounters historical figures from the last 200+ years.","Russian, Persian","Russia, Germany, Japan, Canada, Finland, Denmark",10 wins & 15 nominations,https://m.media-amazon.com/images/M/MV5BMjEyNDEwOTU0NV5BMl5BanBnXkFtZTYwNjk0NTk5._V1_SX300.jpg,"[{'Source': 'Internet Movie Database', 'Value': '7.2/10'}, {'Source': 'Rotten Tomatoes', 'Value': '89%'}, {'Source': 'Metacritic', 'Value': '87/100'}]",87,7.2,"21,678",tt0318034,movie,17 Apr 2020,"$3,048,997",N/A,N/A,True,,
Finding Nemo,2003,G,30 May 2003,100 min,"Animation, Adventure, Comedy","Andrew Stanton, Lee Unkrich","Andrew Stanton, Bob Peterson, David Reynolds","Albert Brooks, Ellen DeGeneres, Alexander Gould","After his son is captured in the Great Barrier Reef and taken to Sydney, a timid clownfish sets out on a journey to bring him home.","English, Japanese, Russian","United States, Japan",Won 1 Oscar. 49 wins & 63 nominations total,https://m.media-amazon.com/images/M/MV5BZmYxZjg3OWEtNzg5Yi00M2YzLWI1YzYtYTQ0NTgwNzhjN2E1XkEyXkFqcGdeQXVyNDUyOTg3Njg@._V1_SX300.jpg,"[{'Source': 'Internet Movie Database', 'Value': '8.2/10'}, {'Source': 'Rotten Tomatoes', 'Value': '99%'}, {'Source': 'Metacritic', 'Value': '90/100'}]",90,8.2,"1,102,112",tt0266543,movie,01 Jan 2014,"$380,843,261",N/A,N/A,True,,
Casino Royale,2006,PG-13,17 Nov 2006,144 min,"Action, Adventure, Thriller",Martin Campbell,"Neal Purvis, Robert Wade, Paul Haggis","Daniel Craig, Eva Green, Judi Dench","After earning 00 status and a licence to kill, secret agent James Bond sets out on his first mission as 007. Bond must defeat a private banker funding terrorists in a high-stakes game of poker at Casino Royale, Montenegro.","English, Serbian, German, Italian, French","United Kingdom, Czech Republic, United States, Germany, Bahamas",Won 1 BAFTA Award28 wins & 44 nominations total,https://m.media-amazon.com/images/M/MV5BYmI3MmMzMGMtNzc4Ni00YWQ4LWFkMDYtNjVlOWU3ZGZiNjY1XkEyXkFqcGdeQXVyNDQ2MTMzODA@._V1_SX300.jpg,"[{'Source': 'Internet Movie Database', 'Value': '8.0/10'}, {'Source': 'Rotten Tomatoes', 'Value': '94%'}, {'Source': 'Metacritic', 'Value': '80/100'}]",80,8.0,"689,755",tt0381061,movie,30 Nov 2016,"$167,445,960",N/A,N/A,True,,
The Wolf of Wall Street,2013,R,25 Dec 2013,180 min,"Biography, Comedy, Crime",Martin Scorsese,"Terence Winter, Jordan Belfort","Leonardo DiCaprio, Jonah Hill, Margot Robbie","Based on the true story of Jordan Belfort, from his rise to a wealthy stock-broker living the high life to his fall involving crime, corruption and the federal government.","English, French",United States,Nominated for 5 Oscars. 37 wins & 179 nominations total,https://m.media-amazon.com/images/M/MV5BMjIxMjgxNTk0MF5BMl5BanBnXkFtZTgwNjIyOTg2MDE@._V1_SX300.jpg,"[{'Source': 'Internet Movie Database', 'Value': '8.2/10'}, {'Source': 'Rotten Tomatoes', 'Value': '80%'}, {'Source': 'Metacritic', 'Value': '75/100'}]",75,8.2,"1,557,215",tt0993846,movie,12 Dec 2015,"$116,900,694",N/A,N/A,True,,
Amores Perros,2000,R,13 Apr 2001,154 min,"Drama, Thriller",Alejandro G. Iñárritu,Guillermo Arriaga,"Emilio Echevarría, Gael García Bernal, Goya Toledo","A horrific car accident connects three stories, each involving characters dealing with loss, regret, and life's harsh realities, all in the name of love.",Spanish,Mexico,Nominated for 1 Oscar. 55 wins & 24 nominations total,https://m.media-amazon.com/images/M/MV5BZjUxNmEwOGItMTBmYi00MWQ1LWExY2MtNDUxMjI0OWM4M2NiXkEyXkFqcGdeQXVyMjUzOTY1NTc@._V1_SX300.jpg,"[{'Source': 'Internet Movie Database', 'Value': '8.1/10'}, {'Source': 'Rotten Tomatoes', 'Value': '93%'}, {'Source': 'Metacritic', 'Value': '83/100'}]",83,8.1,"251,378",tt0245712,movie,06 Sep 2016,"$5,408,467",N/A,N/A,True,,
Werckmeister Harmonies,2000,Not Rated,01 Feb 2001,145 min,"Drama, Mystery","Béla Tarr, Ágnes Hranitzky","László Krasznahorkai, Béla Tarr, Péter Dobai","Lars Rudolph, Peter Fitz, Hanna Schygulla",A naive young man witnesses an escalation of violence in his small hometown following the arrival of a mysterious circus attraction.,"Hungarian, Slovak","Hungary, Italy, Germany, France",5 wins & 2 nominations,https://m.media-amazon.com/images/M/MV5BODExYzI1Y2YtOWMwMS00ZjQzLWE4YTUtZGNmNDkyY2VmMmRlXkEyXkFqcGdeQXVyMTQxNzMzNDI@._V1_SX300.jpg,"[{'Source': 'Internet Movie Database', 'Value': '8.0/10'}, {'Source': 'Rotten Tomatoes', 'Value': '98%'}, {'Source': 'Metacritic', 'Value': '92/100'}]",92,8.0,"15,663",tt0249241,movie,N/A,"$69,923",N/A,N/A,True,,
Shame,2011,NC-17,13 Jan 2012,101 min,Drama,Steve McQueen,"Steve McQueen, Abi Morgan","Michael Fassbender, Carey Mulligan, James Badge Dale",A sex addict's carefully cultivated private life falls apart after his sister arrives for an indefinite stay.,English,"United Kingdom, Canada, United States",Nominated for 2 BAFTA 50 wins & 94 nominations total,https://m.media-amazon.com/images/M/MV5BOGU4Mjc0ZWMtNGQ0OS00ZWQ4LThkNDUtOTE1Y2EzYjgzMDU5XkEyXkFqcGdeQXVyODE5NzE3OTE@._V1_SX300.jpg,"[{'Source': 'Internet Movie Database', 'Value': '7.2/10'}, {'Source': 'Rotten Tomatoes', 'Value': '79%'}, {'Source': 'Metacritic', 'Value': '72/100'}]",72,7.2,"204,929",tt1723811,movie,01 Nov 2014,"$3,909,002",N/A,N/A,True,,
The Gleaners and I: Two Years Later,2002,N/A,18 Dec 2002,63 min,Documentary,Agnès Varda,N/A,"Bodan Litnanski, Macha Makeïeff, Agnès Varda",Agnes Varda returns to the people she met in her 2000 documentary on gleaning and meets some new people who were inspired by her first film.,French,France,N/A,https://m.media-amazon.com/images/M/MV5BNzIyODFhZjYtM2I2Ny00MWNhLTk1YjktM2RkMjcxNDE0ZjM3XkEyXkFqcGdeQXVyNzMzMjU5NDY@._V1_SX300.jpg,"[{'Source': 'Internet Movie Database', 'Value': '7.1/10'}]",N/A,7.1,"1,274",tt0345128,movie,N/A,N/A,N/A,N/A,True,,
Fantastic Mr Fox: T4 Movie Special,2009,N/A,24 Oct 2009,N/A,Documentary,Steven Vinacour,Steven Vinacour,Rick Edwards,N/A,English,United Kingdom,N/A,N/A,"[{'Source': 'Internet Movie Database', 'Value': '7.8/10'}]",N/A,7.8,33,tt1531905,movie,N/A,N/A,N/A,N/A,True,,
Waltz with Bashir,2008,R,12 Jun 2008,90 min,"Documentary, Animation, Biography",Ari Folman,Ari Folman,"Ari Folman, Ron Ben-Yishai, Ronny Dayag",An Israeli film director interviews fellow veterans of the 1982 invasion of Lebanon to reconstruct his own memories of his term of service in that conflict.,"Hebrew, Arabic, German, English","Israel, France, Germany, United States, Finland, Switzerland, Belgium, Australia",Nominated for 1 Oscar. 46 wins & 63 nominations total,https://m.media-amazon.com/images/M/MV5BNjM2OTI3NzQyNl5BMl5BanBnXkFtZTcwNjkzNzQ5MQ@@._V1_SX300.jpg,"[{'Source': 'Internet Movie Database', 'Value': '8.0/10'}, {'Source': 'Rotten Tomatoes', 'Value': '97%'}, {'Source': 'Metacritic', 'Value': '91/100'}]",91,8.0,"60,187",tt1185616,movie,16 Apr 2012,"$2,283,849",N/A,N/A,True,,
"Spring, Summer, Fall, Winter... and Spring",2003,R,28 May 2004,103 min,"Drama, Romance",Kim Ki-duk,Kim Ki-duk,"Kim Ki-duk, Oh Yeong-su, Jong-ho Kim",A boy is raised by a Buddhist monk in an isolated floating temple where the years pass like the seasons.,Korean,"South Korea, Germany",15 wins & 9 nominations,https://m.media-amazon.com/images/M/MV5BMTI0ODMwOTIxOV5BMl5BanBnXkFtZTcwMzE2NDUyMQ@@._V1_SX300.jpg,"[{'Source': 'Internet Movie Database', 'Value': '8.0/10'}, {'Source': 'Rotten Tomatoes', 'Value': '94%'}, {'Source': 'Metacritic', 'Value': '85/100'}]",85,8.0,"86,442",tt0374546,movie,15 May 2012,"$2,380,788",N/A,N/A,True,,
